EpiRR,states,annotated_probs,corrected_probs,annotated,corrected
IHECRE00004616.1,1,0.99,0.99,NS,NS
IHECRE00004616.1,2,0.99,0.99,Pr,Pr
IHECRE00004616.1,3,0.22,0.22,Tx_Str,Tx_Str
IHECRE00004616.1,4,0.36,0.36,ReprPC,ReprPC
IHECRE00004616.1,5,0.4,0.4,Het_F,Het_F
IHECRE00004616.1,6,0.38,0.38,Tx_Wk,Tx_Wk
IHECRE00004616.1,7,0.57,0.57,Het_C,Het_C
IHECRE00004616.1,8,0.48,0.48,Enh,Enh
IHECRE00004616.1,9,0.35,0.32,Tx_Str,Mix
IHECRE00004616.1,10,0.3,0.3,Rep,Rep
IHECRE00000285.2,1,0.97,0.97,Tx_Str,Tx_Str
IHECRE00000285.2,2,0.71,0.71,Tx_Wk,Tx_Wk
IHECRE00000285.2,3,0.43,0.43,Het_F,Het_F
IHECRE00000285.2,4,1,1,NS,NS
IHECRE00000285.2,5,0.3,0.23,ReprPC,Rep
IHECRE00000285.2,6,0.5,0.5,Enh,Enh
IHECRE00000285.2,7,0.96,0.96,Pr,Pr
IHECRE00000285.2,8,1,1,Het_C,Het_C
IHECRE00000285.2,9,0.33,0.31,Het_F,Mix
IHECRE00000285.2,10,0.91,0.91,ReprPC,ReprPC
IHECRE00000318.2,1,1,1,NS,NS
IHECRE00000318.2,2,0.42,0.42,Rep,Rep
IHECRE00000318.2,3,0.39,0.32,Rep,Mix
IHECRE00000318.2,4,0.68,0.68,Tx_Wk,Tx_Wk
IHECRE00000318.2,5,0.94,0.94,Tx_Str,Tx_Str
IHECRE00000318.2,6,1,1,Pr,Pr
IHECRE00000318.2,7,1,1,Het_C,Het_C
IHECRE00000318.2,8,0.59,0.59,Het_F,Het_F
IHECRE00000318.2,9,1,1,Enh,Enh
IHECRE00000318.2,10,0.96,0.96,ReprPC,ReprPC
IHECRE00001907.1,1,1,1,NS,NS
IHECRE00001907.1,2,1,1,Tx_Str,Tx_Str
IHECRE00001907.1,3,1,1,Het_C,Het_C
IHECRE00001907.1,4,0.97,0.97,Enh,Enh
IHECRE00001907.1,5,0.94,0.94,Tx_Wk,Tx_Wk
IHECRE00001907.1,6,1,1,Pr,Pr
IHECRE00001907.1,7,0.77,0.77,Mix,Mix
IHECRE00001907.1,8,0.91,0.91,Het_F,Het_F
IHECRE00001907.1,9,0.96,0.96,ReprPC,ReprPC
IHECRE00001907.1,10,0.92,0.92,Rep,Rep
IHECRE00000237.3,1,0.42,0.42,Het_C,Het_C
IHECRE00000237.3,2,0.31,0.31,Rep,Rep
IHECRE00000237.3,3,0.95,0.95,NS,NS
IHECRE00000237.3,4,0.31,0.29,Rep,Het_F
IHECRE00000237.3,5,0.48,0.11,ReprPC,Mix
IHECRE00000237.3,6,0.8,0.8,Tx_Str,Tx_Str
IHECRE00000237.3,7,0.86,0.86,Pr,Pr
IHECRE00000237.3,8,0.4,0.4,Tx_Wk,Tx_Wk
IHECRE00000237.3,9,0.39,0.39,Enh,Enh
IHECRE00000237.3,10,0.65,0.65,ReprPC,ReprPC
IHECRE00000161.3,1,0.44,0.16,ReprPC,Tx_Wk
IHECRE00000161.3,2,0.26,0.26,Het_F,Het_F
IHECRE00000161.3,3,0.74,0.74,ReprPC,ReprPC
IHECRE00000161.3,4,0.63,0.63,Rep,Rep
IHECRE00000161.3,5,0.51,0.51,Mix,Mix
IHECRE00000161.3,6,0.49,0.49,Enh,Enh
IHECRE00000161.3,7,0.99,0.99,NS,NS
IHECRE00000161.3,8,0.77,0.77,Het_C,Het_C
IHECRE00000161.3,9,0.97,0.97,Pr,Pr
IHECRE00000161.3,10,0.95,0.95,Tx_Str,Tx_Str
IHECRE00000043.3,1,0.96,0.96,Het_C,Het_C
IHECRE00000043.3,2,0.93,0.93,ReprPC,ReprPC
IHECRE00000043.3,3,0.97,0.97,Tx_Str,Tx_Str
IHECRE00000043.3,4,1,1,NS,NS
IHECRE00000043.3,5,1,1,Pr,Pr
IHECRE00000043.3,6,0.65,0.65,Rep,Rep
IHECRE00000043.3,7,0.42,0.39,Rep,Het_F
IHECRE00000043.3,8,0.38,0.38,Mix,Mix
IHECRE00000043.3,9,0.69,0.69,Enh,Enh
IHECRE00000043.3,10,0.52,0.52,Tx_Wk,Tx_Wk
IHECRE00001548.1,1,0.39,0.05,ReprPC,Mix
IHECRE00001548.1,2,1,1,NS,NS
IHECRE00001548.1,3,0.99,0.99,Pr,Pr
IHECRE00001548.1,4,0.57,0.57,ReprPC,ReprPC
IHECRE00001548.1,5,0.84,0.84,Rep,Rep
IHECRE00001548.1,6,0.81,0.81,Het_F,Het_F
IHECRE00001548.1,7,0.38,0.38,Enh,Enh
IHECRE00001548.1,8,0.96,0.96,Het_C,Het_C
IHECRE00001548.1,9,0.8,0.8,Tx_Wk,Tx_Wk
IHECRE00001548.1,10,0.99,0.99,Tx_Str,Tx_Str
IHECRE00003838.5,1,0.47,0.47,Enh,Enh
IHECRE00003838.5,2,0.69,0.69,Rep,Rep
IHECRE00003838.5,3,0.39,0.07,Het_C,Mix
IHECRE00003838.5,4,0.99,0.99,NS,NS
IHECRE00003838.5,5,1,1,Pr,Pr
IHECRE00003838.5,6,0.53,0.53,Het_F,Het_F
IHECRE00003838.5,7,0.65,0.65,ReprPC,ReprPC
IHECRE00003838.5,8,0.47,0.47,Tx_Wk,Tx_Wk
IHECRE00003838.5,9,0.42,0.42,Het_C,Het_C
IHECRE00003838.5,10,0.98,0.98,Tx_Str,Tx_Str
IHECRE00001956.2,1,1,1,NS,NS
IHECRE00001956.2,2,0.69,0.69,Enh,Enh
IHECRE00001956.2,3,0.46,0.46,Het_F,Het_F
IHECRE00001956.2,4,0.83,0.83,ReprPC,ReprPC
IHECRE00001956.2,5,0.63,0.63,Het_C,Het_C
IHECRE00001956.2,6,0.57,0.57,Mix,Mix
IHECRE00001956.2,7,0.61,0.61,Tx_Wk,Tx_Wk
IHECRE00001956.2,8,0.98,0.98,Pr,Pr
IHECRE00001956.2,9,0.96,0.96,Tx_Str,Tx_Str
IHECRE00001956.2,10,0.48,0.28,Het_C,Rep
IHECRE00000095.3,1,0.48,0.37,Het_F,Rep
IHECRE00000095.3,2,0.88,0.88,Enh,Enh
IHECRE00000095.3,3,0.73,0.73,Mix,Mix
IHECRE00000095.3,4,0.33,0.33,Het_F,Het_F
IHECRE00000095.3,5,0.55,0.55,Tx_Wk,Tx_Wk
IHECRE00000095.3,6,0.96,0.96,ReprPC,ReprPC
IHECRE00000095.3,7,0.98,0.98,Pr,Pr
IHECRE00000095.3,8,0.87,0.87,Het_C,Het_C
IHECRE00000095.3,9,0.99,0.99,Tx_Str,Tx_Str
IHECRE00000095.3,10,0.97,0.97,NS,NS
IHECRE00000171.3,1,0.35,0.35,Rep,Rep
IHECRE00000171.3,2,0.43,0.43,Het_C,Het_C
IHECRE00000171.3,3,0.91,0.91,Tx_Str,Tx_Str
IHECRE00000171.3,4,0.99,0.99,NS,NS
IHECRE00000171.3,5,0.94,0.94,Pr,Pr
IHECRE00000171.3,6,0.94,0.94,ReprPC,ReprPC
IHECRE00000171.3,7,0.57,0.57,Het_F,Het_F
IHECRE00000171.3,8,0.42,0.1,Het_F,Mix
IHECRE00000171.3,9,0.73,0.73,Tx_Wk,Tx_Wk
IHECRE00000171.3,10,0.98,0.98,Enh,Enh
IHECRE00000129.3,1,1,1,NS,NS
IHECRE00000129.3,2,1,1,Pr,Pr
IHECRE00000129.3,3,0.51,0.51,Mix,Mix
IHECRE00000129.3,4,0.27,0.24,Het_C,Het_F
IHECRE00000129.3,5,0.99,0.99,Tx_Str,Tx_Str
IHECRE00000129.3,6,0.78,0.78,Het_C,Het_C
IHECRE00000129.3,7,0.95,0.95,ReprPC,ReprPC
IHECRE00000129.3,8,0.92,0.92,Enh,Enh
IHECRE00000129.3,9,0.64,0.64,Tx_Wk,Tx_Wk
IHECRE00000129.3,10,0.67,0.67,Rep,Rep
IHECRE00004888.1,1,1,1,NS,NS
IHECRE00004888.1,2,0.94,0.94,Pr,Pr
IHECRE00004888.1,3,0.31,0.31,Mix,Mix
IHECRE00004888.1,4,0.84,0.84,Tx_Str,Tx_Str
IHECRE00004888.1,5,0.36,0.03,Tx_Str,Enh
IHECRE00004888.1,6,0.97,0.97,Het_C,Het_C
IHECRE00004888.1,7,0.45,0.45,Het_F,Het_F
IHECRE00004888.1,8,0.62,0.62,ReprPC,ReprPC
IHECRE00004888.1,9,0.39,0.35,Mix,Tx_Wk
IHECRE00004888.1,10,0.39,0.29,Het_F,Rep
IHECRE00000308.2,1,0.95,0.95,Het_C,Het_C
IHECRE00000308.2,2,0.78,0.78,Enh,Enh
IHECRE00000308.2,3,0.55,0.42,Tx_Wk,Mix
IHECRE00000308.2,4,1,1,NS,NS
IHECRE00000308.2,5,0.87,0.87,ReprPC,ReprPC
IHECRE00000308.2,6,0.61,0.61,Rep,Rep
IHECRE00000308.2,7,0.76,0.76,Het_F,Het_F
IHECRE00000308.2,8,0.71,0.71,Tx_Wk,Tx_Wk
IHECRE00000308.2,9,0.98,0.98,Tx_Str,Tx_Str
IHECRE00000308.2,10,0.96,0.96,Pr,Pr
IHECRE00000112.3,1,0.65,0.65,Tx_Wk,Tx_Wk
IHECRE00000112.3,2,0.98,0.98,ReprPC,ReprPC
IHECRE00000112.3,3,0.82,0.82,Rep,Rep
IHECRE00000112.3,4,1,1,NS,NS
IHECRE00000112.3,5,1,1,Pr,Pr
IHECRE00000112.3,6,0.92,0.92,Het_C,Het_C
IHECRE00000112.3,7,0.95,0.95,Enh,Enh
IHECRE00000112.3,8,0.99,0.99,Tx_Str,Tx_Str
IHECRE00000112.3,9,0.42,0.42,Mix,Mix
IHECRE00000112.3,10,0.42,0.42,Het_F,Het_F
IHECRE00000059.3,1,0.54,0.54,Enh,Enh
IHECRE00000059.3,2,0.72,0.72,Rep,Rep
IHECRE00000059.3,3,0.88,0.88,Het_C,Het_C
IHECRE00000059.3,4,0.99,0.99,NS,NS
IHECRE00000059.3,5,0.34,0.22,ReprPC,Het_F
IHECRE00000059.3,6,0.3,0.25,Het_F,Tx_Wk
IHECRE00000059.3,7,0.99,0.99,Tx_Str,Tx_Str
IHECRE00000059.3,8,0.86,0.86,ReprPC,ReprPC
IHECRE00000059.3,9,0.95,0.95,Pr,Pr
IHECRE00000059.3,10,0.42,0.42,Mix,Mix
IHECRE00001936.1,1,0.96,0.96,ReprPC,ReprPC
IHECRE00001936.1,2,1,1,NS,NS
IHECRE00001936.1,3,0.98,0.98,Enh,Enh
IHECRE00001936.1,4,1,1,Pr,Pr
IHECRE00001936.1,5,0.82,0.82,Mix,Mix
IHECRE00001936.1,6,0.94,0.94,Het_C,Het_C
IHECRE00001936.1,7,0.89,0.89,Het_F,Het_F
IHECRE00001936.1,8,0.86,0.86,Rep,Rep
IHECRE00001936.1,9,0.83,0.83,Tx_Wk,Tx_Wk
IHECRE00001936.1,10,1,1,Tx_Str,Tx_Str
IHECRE00000886.3,1,0.44,0.44,Tx_Wk,Tx_Wk
IHECRE00000886.3,2,1,1,Pr,Pr
IHECRE00000886.3,3,0.93,0.93,ReprPC,ReprPC
IHECRE00000886.3,4,1,1,NS,NS
IHECRE00000886.3,5,0.85,0.85,Enh,Enh
IHECRE00000886.3,6,0.52,0.52,Rep,Rep
IHECRE00000886.3,7,0.92,0.92,Het_C,Het_C
IHECRE00000886.3,8,0.83,0.83,Tx_Str,Tx_Str
IHECRE00000886.3,9,0.33,0.26,Tx_Wk,Mix
IHECRE00000886.3,10,0.47,0.47,Het_F,Het_F
IHECRE00001916.1,1,0.71,0.71,Het_F,Het_F
IHECRE00001916.1,2,0.87,0.87,Enh,Enh
IHECRE00001916.1,3,0.83,0.83,Tx_Wk,Tx_Wk
IHECRE00001916.1,4,0.99,0.99,NS,NS
IHECRE00001916.1,5,1,1,Pr,Pr
IHECRE00001916.1,6,0.97,0.97,Rep,Rep
IHECRE00001916.1,7,0.77,0.77,ReprPC,ReprPC
IHECRE00001916.1,8,0.99,0.99,Tx_Str,Tx_Str
IHECRE00001916.1,9,0.94,0.94,Het_C,Het_C
IHECRE00001916.1,10,0.9,0.9,Mix,Mix
IHECRE00000704.1,1,0.98,0.98,Tx_Str,Tx_Str
IHECRE00000704.1,2,0.67,0.67,Tx_Wk,Tx_Wk
IHECRE00000704.1,3,0.45,0.37,Het_F,Rep
IHECRE00000704.1,4,1,1,NS,NS
IHECRE00000704.1,5,0.89,0.89,Enh,Enh
IHECRE00000704.1,6,0.46,0.41,Tx_Wk,Mix
IHECRE00000704.1,7,0.9,0.9,ReprPC,ReprPC
IHECRE00000704.1,8,0.99,0.99,Het_C,Het_C
IHECRE00000704.1,9,0.81,0.81,Het_F,Het_F
IHECRE00000704.1,10,1,1,Pr,Pr
IHECRE00000094.3,1,0.96,0.96,Pr,Pr
IHECRE00000094.3,2,0.61,0.61,ReprPC,ReprPC
IHECRE00000094.3,3,0.48,0.48,Enh,Enh
IHECRE00000094.3,4,0.86,0.86,Het_C,Het_C
IHECRE00000094.3,5,0.29,0.16,ReprPC,Tx_Wk
IHECRE00000094.3,6,0.99,0.99,NS,NS
IHECRE00000094.3,7,0.31,0.31,Het_F,Het_F
IHECRE00000094.3,8,0.45,0.45,Mix,Mix
IHECRE00000094.3,9,0.88,0.88,Tx_Str,Tx_Str
IHECRE00000094.3,10,0.4,0.4,Rep,Rep
IHECRE00004603.3,1,0.55,0.55,Tx_Wk,Tx_Wk
IHECRE00004603.3,2,0.98,0.98,NS,NS
IHECRE00004603.3,3,0.96,0.96,Pr,Pr
IHECRE00004603.3,4,0.64,0.64,Enh,Enh
IHECRE00004603.3,5,0.49,0.22,Het_C,Het_F
IHECRE00004603.3,6,0.92,0.92,Tx_Str,Tx_Str
IHECRE00004603.3,7,0.7,0.7,Het_C,Het_C
IHECRE00004603.3,8,0.44,0.44,Mix,Mix
IHECRE00004603.3,9,0.65,0.65,ReprPC,ReprPC
IHECRE00004603.3,10,0.3,0.3,Rep,Rep
IHECRE00001957.2,1,0.99,0.99,Tx_Str,Tx_Str
IHECRE00001957.2,2,0.38,0.36,Het_F,Rep
IHECRE00001957.2,3,0.97,0.97,Het_C,Het_C
IHECRE00001957.2,4,0.98,0.98,NS,NS
IHECRE00001957.2,5,0.48,0.46,Mix,Tx_Wk
IHECRE00001957.2,6,0.65,0.65,Enh,Enh
IHECRE00001957.2,7,0.34,0.28,Het_F,Mix
IHECRE00001957.2,8,0.57,0.57,ReprPC,ReprPC
IHECRE00001957.2,9,0.96,0.96,Pr,Pr
IHECRE00001957.2,10,0.51,0.51,Het_F,Het_F
IHECRE00001249.1,1,0.97,0.97,Tx_Str,Tx_Str
IHECRE00001249.1,2,0.97,0.97,ReprPC,ReprPC
IHECRE00001249.1,3,0.44,0.43,Het_F,Mix
IHECRE00001249.1,4,1,1,NS,NS
IHECRE00001249.1,5,0.35,0.13,Het_F,Rep
IHECRE00001249.1,6,0.45,0.37,Tx_Str,Tx_Wk
IHECRE00001249.1,7,1,1,Pr,Pr
IHECRE00001249.1,8,0.97,0.97,Het_C,Het_C
IHECRE00001249.1,9,0.64,0.64,Het_F,Het_F
IHECRE00001249.1,10,0.91,0.91,Enh,Enh
IHECRE00000332.2,1,0.94,0.94,Tx_Wk,Tx_Wk
IHECRE00000332.2,2,1,1,Enh,Enh
IHECRE00000332.2,3,0.99,0.99,Het_C,Het_C
IHECRE00000332.2,4,1,1,NS,NS
IHECRE00000332.2,5,1,1,Tx_Str,Tx_Str
IHECRE00000332.2,6,1,1,Pr,Pr
IHECRE00000332.2,7,0.76,0.76,Mix,Mix
IHECRE00000332.2,8,0.8,0.8,Rep,Rep
IHECRE00000332.2,9,0.96,0.96,ReprPC,ReprPC
IHECRE00000332.2,10,0.86,0.86,Het_F,Het_F
IHECRE00000109.3,1,0.53,0.53,Mix,Mix
IHECRE00000109.3,2,0.55,0.55,Tx_Wk,Tx_Wk
IHECRE00000109.3,3,0.9,0.9,ReprPC,ReprPC
IHECRE00000109.3,4,0.99,0.99,NS,NS
IHECRE00000109.3,5,0.92,0.92,Tx_Str,Tx_Str
IHECRE00000109.3,6,1,1,Pr,Pr
IHECRE00000109.3,7,1,1,Het_C,Het_C
IHECRE00000109.3,8,0.32,0.28,Tx_Wk,Rep
IHECRE00000109.3,9,0.94,0.94,Enh,Enh
IHECRE00000109.3,10,0.26,0.24,ReprPC,Het_F
IHECRE00001966.2,1,0.29,0.29,Het_F,Het_F
IHECRE00001966.2,2,0.69,0.69,Tx_Str,Tx_Str
IHECRE00001966.2,3,0.46,0.46,Mix,Mix
IHECRE00001966.2,4,0.97,0.97,NS,NS
IHECRE00001966.2,5,0.3,0.1,Rep,ReprPC
IHECRE00001966.2,6,0.91,0.91,Pr,Pr
IHECRE00001966.2,7,0.41,0.41,Tx_Wk,Tx_Wk
IHECRE00001966.2,8,0.73,0.73,Het_C,Het_C
IHECRE00001966.2,9,0.65,0.65,Enh,Enh
IHECRE00001966.2,10,0.47,0.47,Rep,Rep
IHECRE00000303.2,1,0.39,0.39,Mix,Mix
IHECRE00000303.2,2,0.59,0.59,Tx_Wk,Tx_Wk
IHECRE00000303.2,3,0.99,0.99,Het_C,Het_C
IHECRE00000303.2,4,0.98,0.98,NS,NS
IHECRE00000303.2,5,0.95,0.95,ReprPC,ReprPC
IHECRE00000303.2,6,0.91,0.91,Enh,Enh
IHECRE00000303.2,7,1,1,Tx_Str,Tx_Str
IHECRE00000303.2,8,0.55,0.55,Het_F,Het_F
IHECRE00000303.2,9,0.97,0.97,Pr,Pr
IHECRE00000303.2,10,0.41,0.41,Rep,Rep
IHECRE00000248.2,1,0.99,0.99,Tx_Str,Tx_Str
IHECRE00000248.2,2,0.8,0.8,Het_F,Het_F
IHECRE00000248.2,3,0.54,0.14,ReprPC,Rep
IHECRE00000248.2,4,0.99,0.99,NS,NS
IHECRE00000248.2,5,0.65,0.65,Tx_Wk,Tx_Wk
IHECRE00000248.2,6,0.8,0.8,Enh,Enh
IHECRE00000248.2,7,0.96,0.96,Pr,Pr
IHECRE00000248.2,8,0.52,0.52,Mix,Mix
IHECRE00000248.2,9,0.99,0.99,Het_C,Het_C
IHECRE00000248.2,10,0.74,0.74,ReprPC,ReprPC
IHECRE00000160.3,1,0.93,0.93,ReprPC,ReprPC
IHECRE00000160.3,2,0.92,0.92,Enh,Enh
IHECRE00000160.3,3,0.31,0.27,ReprPC,Het_F
IHECRE00000160.3,4,1,1,NS,NS
IHECRE00000160.3,5,1,1,Pr,Pr
IHECRE00000160.3,6,0.38,0.22,Het_F,Mix
IHECRE00000160.3,7,0.68,0.68,Tx_Wk,Tx_Wk
IHECRE00000160.3,8,0.96,0.96,Tx_Str,Tx_Str
IHECRE00000160.3,9,0.53,0.53,Het_C,Het_C
IHECRE00000160.3,10,0.73,0.73,Rep,Rep
IHECRE00000084.3,1,0.49,0.49,Mix,Mix
IHECRE00000084.3,2,0.96,0.96,Enh,Enh
IHECRE00000084.3,3,0.31,0.31,Het_F,Het_F
IHECRE00000084.3,4,1,1,NS,NS
IHECRE00000084.3,5,1,1,Pr,Pr
IHECRE00000084.3,6,0.59,0.59,Rep,Rep
IHECRE00000084.3,7,0.89,0.89,ReprPC,ReprPC
IHECRE00000084.3,8,0.99,0.99,Tx_Str,Tx_Str
IHECRE00000084.3,9,0.63,0.63,Tx_Wk,Tx_Wk
IHECRE00000084.3,10,0.99,0.99,Het_C,Het_C
IHECRE00003810.1,1,0.87,0.87,Het_F,Het_F
IHECRE00003810.1,2,0.99,0.99,Mix,Mix
IHECRE00003810.1,3,1,1,Tx_Str,Tx_Str
IHECRE00003810.1,4,1,1,NS,NS
IHECRE00003810.1,5,1,1,Pr,Pr
IHECRE00003810.1,6,0.98,0.98,ReprPC,ReprPC
IHECRE00003810.1,7,0.99,0.99,Tx_Wk,Tx_Wk
IHECRE00003810.1,8,0.95,0.95,Rep,Rep
IHECRE00003810.1,9,0.91,0.91,Enh,Enh
IHECRE00003810.1,10,1,1,Het_C,Het_C
IHECRE00001906.1,1,1,1,NS,NS
IHECRE00001906.1,2,1,1,Pr,Pr
IHECRE00001906.1,3,0.83,0.83,Mix,Mix
IHECRE00001906.1,4,0.96,0.96,Tx_Wk,Tx_Wk
IHECRE00001906.1,5,1,1,Het_C,Het_C
IHECRE00001906.1,6,0.94,0.94,Het_F,Het_F
IHECRE00001906.1,7,0.93,0.93,Rep,Rep
IHECRE00001906.1,8,1,1,Enh,Enh
IHECRE00001906.1,9,1,1,Tx_Str,Tx_Str
IHECRE00001906.1,10,0.96,0.96,ReprPC,ReprPC
IHECRE00000048.3,1,0.73,0.73,Tx_Wk,Tx_Wk
IHECRE00000048.3,2,0.94,0.94,Enh,Enh
IHECRE00000048.3,3,1,1,NS,NS
IHECRE00000048.3,4,0.61,0.61,Mix,Mix
IHECRE00000048.3,5,0.87,0.87,ReprPC,ReprPC
IHECRE00000048.3,6,1,1,Pr,Pr
IHECRE00000048.3,7,0.92,0.92,Tx_Str,Tx_Str
IHECRE00000048.3,8,0.86,0.86,Het_C,Het_C
IHECRE00000048.3,9,0.63,0.63,Rep,Rep
IHECRE00000048.3,10,0.49,0.49,Het_F,Het_F
IHECRE00003832.2,1,0.92,0.92,Tx_Str,Tx_Str
IHECRE00003832.2,2,0.74,0.74,ReprPC,ReprPC
IHECRE00003832.2,3,0.42,0.42,Enh,Enh
IHECRE00003832.2,4,0.93,0.93,Pr,Pr
IHECRE00003832.2,5,0.31,0.26,Het_F,Mix
IHECRE00003832.2,6,0.25,0.15,Tx_Str,Rep
IHECRE00003832.2,7,0.53,0.53,Het_F,Het_F
IHECRE00003832.2,8,0.8,0.8,Het_C,Het_C
IHECRE00003832.2,9,0.27,0.22,ReprPC,Tx_Wk
IHECRE00003832.2,10,0.91,0.91,NS,NS
IHECRE00000341.2,1,0.77,0.77,Het_F,Het_F
IHECRE00000341.2,2,1,1,NS,NS
IHECRE00000341.2,3,1,1,Pr,Pr
IHECRE00000341.2,4,0.98,0.98,ReprPC,ReprPC
IHECRE00000341.2,5,0.64,0.64,Mix,Mix
IHECRE00000341.2,6,1,1,Het_C,Het_C
IHECRE00000341.2,7,0.72,0.72,Rep,Rep
IHECRE00000341.2,8,0.77,0.77,Tx_Wk,Tx_Wk
IHECRE00000341.2,9,1,1,Tx_Str,Tx_Str
IHECRE00000341.2,10,0.99,0.99,Enh,Enh
IHECRE00000284.2,1,0.4,0.4,ReprPC,ReprPC
IHECRE00000284.2,2,0.73,0.73,Pr,Pr
IHECRE00000284.2,3,0.99,0.99,Het_C,Het_C
IHECRE00000284.2,4,0.99,0.99,NS,NS
IHECRE00000284.2,5,0.73,0.19,Pr,Enh
IHECRE00000284.2,6,0.55,0.55,Het_F,Het_F
IHECRE00000284.2,7,0.33,0.33,Mix,Mix
IHECRE00000284.2,8,0.85,0.85,Tx_Str,Tx_Str
IHECRE00000284.2,9,0.42,0.42,Rep,Rep
IHECRE00000284.2,10,0.72,0.72,Tx_Wk,Tx_Wk
IHECRE00001471.1,1,0.99,0.99,Tx_Str,Tx_Str
IHECRE00001471.1,2,0.92,0.92,Het_C,Het_C
IHECRE00001471.1,3,1,1,NS,NS
IHECRE00001471.1,4,0.59,0.59,Mix,Mix
IHECRE00001471.1,5,0.7,0.7,Tx_Wk,Tx_Wk
IHECRE00001471.1,6,1,1,Pr,Pr
IHECRE00001471.1,7,0.91,0.91,Enh,Enh
IHECRE00001471.1,8,0.79,0.79,Rep,Rep
IHECRE00001471.1,9,0.75,0.75,Het_F,Het_F
IHECRE00001471.1,10,0.88,0.88,ReprPC,ReprPC
IHECRE00001486.1,1,0.66,0.66,Het_F,Het_F
IHECRE00001486.1,2,0.8,0.8,Enh,Enh
IHECRE00001486.1,3,0.9,0.9,Rep,Rep
IHECRE00001486.1,4,0.81,0.81,Tx_Wk,Tx_Wk
IHECRE00001486.1,5,1,1,NS,NS
IHECRE00001486.1,6,0.99,0.99,Het_C,Het_C
IHECRE00001486.1,7,0.74,0.74,Mix,Mix
IHECRE00001486.1,8,1,1,Tx_Str,Tx_Str
IHECRE00001486.1,9,0.99,0.99,Pr,Pr
IHECRE00001486.1,10,0.63,0.63,ReprPC,ReprPC
IHECRE00004615.1,1,0.33,0.33,Enh,Enh
IHECRE00004615.1,2,0.31,0.29,Tx_Str,Tx_Wk
IHECRE00004615.1,3,0.35,0.35,Het_F,Het_F
IHECRE00004615.1,4,0.98,0.98,NS,NS
IHECRE00004615.1,5,0.4,0.4,Tx_Str,Tx_Str
IHECRE00004615.1,6,1,1,Pr,Pr
IHECRE00004615.1,7,0.39,0.29,Het_F,Mix
IHECRE00004615.1,8,0.34,0.34,Het_C,Het_C
IHECRE00004615.1,9,0.22,0.22,ReprPC,ReprPC
IHECRE00004615.1,10,0.22,0.12,Het_F,Rep
IHECRE00003848.5,1,0.56,0.56,Het_C,Het_C
IHECRE00003848.5,2,0.54,0.54,Mix,Mix
IHECRE00003848.5,3,0.42,0.42,Rep,Rep
IHECRE00003848.5,4,0.96,0.96,NS,NS
IHECRE00003848.5,5,0.61,0.61,Pr,Pr
IHECRE00003848.5,6,0.44,0.08,ReprPC,Tx_Wk
IHECRE00003848.5,7,0.58,0.4,Pr,ReprPC
IHECRE00003848.5,8,0.94,0.94,Tx_Str,Tx_Str
IHECRE00003848.5,9,0.4,0.4,Het_F,Het_F
IHECRE00003848.5,10,0.49,0.49,Enh,Enh
IHECRE00000666.1,1,0.74,0.74,Het_F,Het_F
IHECRE00000666.1,2,0.63,0.63,Tx_Wk,Tx_Wk
IHECRE00000666.1,3,0.93,0.93,Het_C,Het_C
IHECRE00000666.1,4,1,1,NS,NS
IHECRE00000666.1,5,0.66,0.66,Enh,Enh
IHECRE00000666.1,6,1,1,ReprPC,ReprPC
IHECRE00000666.1,7,1,1,Pr,Pr
IHECRE00000666.1,8,0.27,0.27,Rep,Rep
IHECRE00000666.1,9,0.73,0.73,Mix,Mix
IHECRE00000666.1,10,0.98,0.98,Tx_Str,Tx_Str
IHECRE00000250.2,1,0.82,0.82,Enh,Enh
IHECRE00000250.2,2,0.43,0.43,ReprPC,ReprPC
IHECRE00000250.2,3,0.99,0.99,Het_C,Het_C
IHECRE00000250.2,4,0.99,0.99,NS,NS
IHECRE00000250.2,5,1,1,Pr,Pr
IHECRE00000250.2,6,0.56,0.56,Rep,Rep
IHECRE00000250.2,7,0.46,0.46,Mix,Mix
IHECRE00000250.2,8,0.35,0.14,Mix,Tx_Wk
IHECRE00000250.2,9,0.39,0.39,Het_F,Het_F
IHECRE00000250.2,10,0.9,0.9,Tx_Str,Tx_Str
IHECRE00000159.3,1,0.55,0.55,Het_F,Het_F
IHECRE00000159.3,2,0.94,0.94,Tx_Str,Tx_Str
IHECRE00000159.3,3,0.99,0.99,Het_C,Het_C
IHECRE00000159.3,4,0.99,0.99,NS,NS
IHECRE00000159.3,5,0.94,0.94,ReprPC,ReprPC
IHECRE00000159.3,6,1,1,Pr,Pr
IHECRE00000159.3,7,0.67,0.67,Mix,Mix
IHECRE00000159.3,8,0.41,0.32,Het_F,Rep
IHECRE00000159.3,9,0.95,0.95,Enh,Enh
IHECRE00000159.3,10,0.63,0.63,Tx_Wk,Tx_Wk
IHECRE00001904.1,1,1,1,Tx_Str,Tx_Str
IHECRE00001904.1,2,0.95,0.95,Rep,Rep
IHECRE00001904.1,3,0.95,0.95,Het_F,Het_F
IHECRE00001904.1,4,0.78,0.78,Mix,Mix
IHECRE00001904.1,5,0.89,0.89,Tx_Wk,Tx_Wk
IHECRE00001904.1,6,1,1,Pr,Pr
IHECRE00001904.1,7,0.98,0.98,ReprPC,ReprPC
IHECRE00001904.1,8,1,1,Het_C,Het_C
IHECRE00001904.1,9,1,1,NS,NS
IHECRE00001904.1,10,1,1,Enh,Enh
IHECRE00000101.3,1,0.44,0.44,Mix,Mix
IHECRE00000101.3,2,0.98,0.98,Tx_Str,Tx_Str
IHECRE00000101.3,3,0.94,0.94,Het_C,Het_C
IHECRE00000101.3,4,1,1,NS,NS
IHECRE00000101.3,5,0.49,0.49,Rep,Rep
IHECRE00000101.3,6,0.71,0.71,Enh,Enh
IHECRE00000101.3,7,0.47,0.24,Rep,Het_F
IHECRE00000101.3,8,0.59,0.59,Tx_Wk,Tx_Wk
IHECRE00000101.3,9,1,1,Pr,Pr
IHECRE00000101.3,10,0.94,0.94,ReprPC,ReprPC
IHECRE00000195.3,1,0.91,0.91,ReprPC,ReprPC
IHECRE00000195.3,2,0.99,0.99,NS,NS
IHECRE00000195.3,3,1,1,Pr,Pr
IHECRE00000195.3,4,0.65,0.65,Tx_Wk,Tx_Wk
IHECRE00000195.3,5,0.9,0.9,Enh,Enh
IHECRE00000195.3,6,0.45,0.45,Mix,Mix
IHECRE00000195.3,7,0.43,0.37,Rep,Het_F
IHECRE00000195.3,8,0.99,0.99,Tx_Str,Tx_Str
IHECRE00000195.3,9,1,1,Het_C,Het_C
IHECRE00000195.3,10,0.43,0.43,Rep,Rep
IHECRE00000071.3,1,0.38,0.1,ReprPC,Tx_Wk
IHECRE00000071.3,2,1,1,Pr,Pr
IHECRE00000071.3,3,0.67,0.67,Rep,Rep
IHECRE00000071.3,4,1,1,NS,NS
IHECRE00000071.3,5,0.5,0.5,Mix,Mix
IHECRE00000071.3,6,0.64,0.64,Enh,Enh
IHECRE00000071.3,7,0.93,0.93,Het_C,Het_C
IHECRE00000071.3,8,0.95,0.95,ReprPC,ReprPC
IHECRE00000071.3,9,0.53,0.53,Het_F,Het_F
IHECRE00000071.3,10,1,1,Tx_Str,Tx_Str
IHECRE00001964.2,1,0.4,0.4,Rep,Rep
IHECRE00001964.2,2,0.38,0.38,Tx_Wk,Tx_Wk
IHECRE00001964.2,3,0.42,0.41,Mix,Het_F
IHECRE00001964.2,4,1,1,NS,NS
IHECRE00001964.2,5,0.35,0.35,ReprPC,ReprPC
IHECRE00001964.2,6,0.29,0.22,Tx_Wk,Mix
IHECRE00001964.2,7,0.96,0.96,Pr,Pr
IHECRE00001964.2,8,0.97,0.97,Het_C,Het_C
IHECRE00001964.2,9,0.87,0.87,Tx_Str,Tx_Str
IHECRE00001964.2,10,0.89,0.89,Enh,Enh
IHECRE00000301.2,1,0.52,0.52,Mix,Mix
IHECRE00000301.2,2,0.51,0.51,ReprPC,ReprPC
IHECRE00000301.2,3,0.76,0.76,Het_F,Het_F
IHECRE00000301.2,4,0.99,0.99,NS,NS
IHECRE00000301.2,5,0.93,0.93,Tx_Str,Tx_Str
IHECRE00000301.2,6,0.96,0.96,Pr,Pr
IHECRE00000301.2,7,0.97,0.97,Het_C,Het_C
IHECRE00000301.2,8,0.5,0.08,ReprPC,Rep
IHECRE00000301.2,9,0.82,0.82,Enh,Enh
IHECRE00000301.2,10,0.64,0.64,Tx_Wk,Tx_Wk
IHECRE00000008.3,1,0.47,0.1,ReprPC,Tx_Wk
IHECRE00000008.3,2,0.82,0.82,Rep,Rep
IHECRE00000008.3,3,1,1,NS,NS
IHECRE00000008.3,4,0.88,0.88,Het_C,Het_C
IHECRE00000008.3,5,0.41,0.41,Het_F,Het_F
IHECRE00000008.3,6,1,1,Pr,Pr
IHECRE00000008.3,7,0.98,0.98,Tx_Str,Tx_Str
IHECRE00000008.3,8,0.96,0.96,ReprPC,ReprPC
IHECRE00000008.3,9,0.51,0.51,Mix,Mix
IHECRE00000008.3,10,0.48,0.48,Enh,Enh
IHECRE00001958.3,1,0.97,0.97,Tx_Str,Tx_Str
IHECRE00001958.3,2,0.99,0.99,Het_C,Het_C
IHECRE00001958.3,3,0.76,0.76,Mix,Mix
IHECRE00001958.3,4,0.98,0.98,NS,NS
IHECRE00001958.3,5,0.28,0.28,Het_F,Het_F
IHECRE00001958.3,6,0.96,0.96,Pr,Pr
IHECRE00001958.3,7,0.73,0.73,Enh,Enh
IHECRE00001958.3,8,0.55,0.55,Rep,Rep
IHECRE00001958.3,9,0.74,0.74,Tx_Wk,Tx_Wk
IHECRE00001958.3,10,0.43,0.43,ReprPC,ReprPC
IHECRE00003818.1,1,0.93,0.93,Het_C,Het_C
IHECRE00003818.1,2,0.75,0.75,Mix,Mix
IHECRE00003818.1,3,1,1,Pr,Pr
IHECRE00003818.1,4,0.96,0.96,ReprPC,ReprPC
IHECRE00003818.1,5,0.72,0.72,Het_F,Het_F
IHECRE00003818.1,6,0.81,0.81,Rep,Rep
IHECRE00003818.1,7,1,1,NS,NS
IHECRE00003818.1,8,0.87,0.87,Enh,Enh
IHECRE00003818.1,9,1,1,Tx_Str,Tx_Str
IHECRE00003818.1,10,0.64,0.64,Tx_Wk,Tx_Wk
IHECRE00000868.3,1,1,1,NS,NS
IHECRE00000868.3,2,0.98,0.98,Pr,Pr
IHECRE00000868.3,3,0.41,0.41,Enh,Enh
IHECRE00000868.3,4,0.38,0.35,Het_F,Het_C
IHECRE00000868.3,5,0.26,0.25,Tx_Wk,Mix
IHECRE00000868.3,6,0.31,0.21,ReprPC,Rep
IHECRE00000868.3,7,0.41,0.41,Het_F,Het_F
IHECRE00000868.3,8,0.4,0.4,ReprPC,ReprPC
IHECRE00000868.3,9,0.8,0.8,Tx_Str,Tx_Str
IHECRE00000868.3,10,0.51,0.51,Tx_Wk,Tx_Wk
IHECRE00000330.2,1,0.92,0.92,ReprPC,ReprPC
IHECRE00000330.2,2,1,1,NS,NS
IHECRE00000330.2,3,1,1,Pr,Pr
IHECRE00000330.2,4,0.75,0.75,Enh,Enh
IHECRE00000330.2,5,0.81,0.81,Het_C,Het_C
IHECRE00000330.2,6,0.41,0.24,Tx_Wk,Mix
IHECRE00000330.2,7,0.32,0.32,Het_F,Het_F
IHECRE00000330.2,8,0.67,0.67,Tx_Wk,Tx_Wk
IHECRE00000330.2,9,0.44,0.44,Rep,Rep
IHECRE00000330.2,10,0.94,0.94,Tx_Str,Tx_Str
IHECRE00000718.3,1,0.91,0.91,Tx_Str,Tx_Str
IHECRE00000718.3,2,0.6,0.6,Mix,Mix
IHECRE00000718.3,3,0.82,0.82,Het_F,Het_F
IHECRE00000718.3,4,1,1,NS,NS
IHECRE00000718.3,5,0.79,0.79,Tx_Wk,Tx_Wk
IHECRE00000718.3,6,0.87,0.87,Enh,Enh
IHECRE00000718.3,7,1,1,Het_C,Het_C
IHECRE00000718.3,8,0.43,0.43,Rep,Rep
IHECRE00000718.3,9,1,1,Pr,Pr
IHECRE00000718.3,10,0.96,0.96,ReprPC,ReprPC
IHECRE00000353.2,1,0.31,0.31,Rep,Rep
IHECRE00000353.2,2,0.99,0.99,Het_C,Het_C
IHECRE00000353.2,3,0.99,0.99,Tx_Str,Tx_Str
IHECRE00000353.2,4,0.99,0.99,NS,NS
IHECRE00000353.2,5,0.96,0.96,Pr,Pr
IHECRE00000353.2,6,0.76,0.76,Tx_Wk,Tx_Wk
IHECRE00000353.2,7,0.7,0.7,Mix,Mix
IHECRE00000353.2,8,0.85,0.85,Het_F,Het_F
IHECRE00000353.2,9,0.79,0.79,Enh,Enh
IHECRE00000353.2,10,0.82,0.82,ReprPC,ReprPC
IHECRE00001914.1,1,0.81,0.81,Het_F,Het_F
IHECRE00001914.1,2,0.73,0.73,Tx_Wk,Tx_Wk
IHECRE00001914.1,3,0.98,0.98,Het_C,Het_C
IHECRE00001914.1,4,1,1,NS,NS
IHECRE00001914.1,5,1,1,Pr,Pr
IHECRE00001914.1,6,0.97,0.97,Rep,Rep
IHECRE00001914.1,7,1,1,Enh,Enh
IHECRE00001914.1,8,0.95,0.95,Tx_Str,Tx_Str
IHECRE00001914.1,9,0.86,0.86,Mix,Mix
IHECRE00001914.1,10,0.99,0.99,ReprPC,ReprPC
IHECRE00004606.2,1,0.34,0.34,Rep,Rep
IHECRE00004606.2,2,0.99,0.99,NS,NS
IHECRE00004606.2,3,1,1,Pr,Pr
IHECRE00004606.2,4,0.55,0.55,Enh,Enh
IHECRE00004606.2,5,0.57,0.57,Tx_Wk,Tx_Wk
IHECRE00004606.2,6,0.74,0.74,Het_C,Het_C
IHECRE00004606.2,7,0.32,0.31,Het_C,Het_F
IHECRE00004606.2,8,0.44,0.44,Mix,Mix
IHECRE00004606.2,9,0.79,0.79,Tx_Str,Tx_Str
IHECRE00004606.2,10,0.61,0.61,ReprPC,ReprPC
IHECRE00000261.2,1,0.52,0.46,Het_C,Het_F
IHECRE00000261.2,2,1,1,Pr,Pr
IHECRE00000261.2,3,1,1,NS,NS
IHECRE00000261.2,4,0.65,0.65,Tx_Wk,Tx_Wk
IHECRE00000261.2,5,0.34,0.19,Het_F,Mix
IHECRE00000261.2,6,0.6,0.6,Enh,Enh
IHECRE00000261.2,7,0.96,0.96,Tx_Str,Tx_Str
IHECRE00000261.2,8,0.97,0.97,ReprPC,ReprPC
IHECRE00000261.2,9,0.32,0.32,Het_C,Het_C
IHECRE00000261.2,10,0.66,0.66,Rep,Rep
IHECRE00004605.1,1,0.41,0.41,Het_C,Het_C
IHECRE00004605.1,2,0.4,0.23,Het_C,Rep
IHECRE00004605.1,3,0.38,0.38,Het_F,Het_F
IHECRE00004605.1,4,0.98,0.98,NS,NS
IHECRE00004605.1,5,0.51,0.34,Enh,ReprPC
IHECRE00004605.1,6,0.36,0.3,Tx_Wk,Mix
IHECRE00004605.1,7,1,1,Pr,Pr
IHECRE00004605.1,8,0.68,0.68,Tx_Str,Tx_Str
IHECRE00004605.1,9,0.47,0.47,Tx_Wk,Tx_Wk
IHECRE00004605.1,10,0.39,0.39,Enh,Enh
IHECRE00001935.1,1,1,1,Tx_Str,Tx_Str
IHECRE00001935.1,2,1,1,Het_C,Het_C
IHECRE00001935.1,3,1,1,Het_F,Het_F
IHECRE00001935.1,4,0.99,0.99,NS,NS
IHECRE00001935.1,5,0.95,0.95,Tx_Wk,Tx_Wk
IHECRE00001935.1,6,0.85,0.85,ReprPC,ReprPC
IHECRE00001935.1,7,0.99,0.99,Pr,Pr
IHECRE00001935.1,8,0.85,0.85,Mix,Mix
IHECRE00001935.1,9,0.89,0.89,Rep,Rep
IHECRE00001935.1,10,1,1,Enh,Enh
IHECRE00000022.3,1,1,1,Pr,Pr
IHECRE00000022.3,2,0.99,0.99,NS,NS
IHECRE00000022.3,3,0.34,0.34,Het_F,Het_F
IHECRE00000022.3,4,0.54,0.54,Tx_Wk,Tx_Wk
IHECRE00000022.3,5,0.88,0.88,Enh,Enh
IHECRE00000022.3,6,0.38,0.36,Het_C,Rep
IHECRE00000022.3,7,0.95,0.95,ReprPC,ReprPC
IHECRE00000022.3,8,0.55,0.55,Het_C,Het_C
IHECRE00000022.3,9,0.96,0.96,Tx_Str,Tx_Str
IHECRE00000022.3,10,0.42,0.23,Het_F,Mix
IHECRE00004607.2,1,0.52,0.52,Tx_Wk,Tx_Wk
IHECRE00004607.2,2,0.43,0.31,Tx_Wk,Mix
IHECRE00004607.2,3,0.76,0.76,Het_C,Het_C
IHECRE00004607.2,4,0.98,0.98,NS,NS
IHECRE00004607.2,5,0.46,0.46,Tx_Str,Tx_Str
IHECRE00004607.2,6,1,1,Pr,Pr
IHECRE00004607.2,7,0.4,0.4,Enh,Enh
IHECRE00004607.2,8,0.49,0.49,Het_F,Het_F
IHECRE00004607.2,9,0.41,0.41,ReprPC,ReprPC
IHECRE00004607.2,10,0.33,0.13,Het_F,Rep
IHECRE00001915.1,1,0.65,0.65,Het_C,Het_C
IHECRE00001915.1,2,0.95,0.95,Tx_Wk,Tx_Wk
IHECRE00001915.1,3,0.76,0.76,Het_F,Het_F
IHECRE00001915.1,4,1,1,NS,NS
IHECRE00001915.1,5,1,1,Pr,Pr
IHECRE00001915.1,6,0.86,0.86,Mix,Mix
IHECRE00001915.1,7,0.96,0.96,ReprPC,ReprPC
IHECRE00001915.1,8,0.98,0.98,Tx_Str,Tx_Str
IHECRE00001915.1,9,0.94,0.94,Rep,Rep
IHECRE00001915.1,10,0.98,0.98,Enh,Enh
IHECRE00000060.3,1,0.98,0.98,NS,NS
IHECRE00000060.3,2,0.98,0.98,Enh,Enh
IHECRE00000060.3,3,0.38,0.38,Het_F,Het_F
IHECRE00000060.3,4,0.5,0.5,Rep,Rep
IHECRE00000060.3,5,0.58,0.58,Tx_Wk,Tx_Wk
IHECRE00000060.3,6,1,1,Tx_Str,Tx_Str
IHECRE00000060.3,7,0.76,0.76,Het_C,Het_C
IHECRE00000060.3,8,0.98,0.98,Pr,Pr
IHECRE00000060.3,9,0.45,0.45,Mix,Mix
IHECRE00000060.3,10,0.96,0.96,ReprPC,ReprPC
IHECRE00001954.2,1,1,1,NS,NS
IHECRE00001954.2,2,0.68,0.68,Enh,Enh
IHECRE00001954.2,3,0.46,0.46,Het_F,Het_F
IHECRE00001954.2,4,0.63,0.63,ReprPC,ReprPC
IHECRE00001954.2,5,0.54,0.54,Mix,Mix
IHECRE00001954.2,6,0.46,0.46,Rep,Rep
IHECRE00001954.2,7,0.47,0.47,Tx_Wk,Tx_Wk
IHECRE00001954.2,8,0.92,0.92,Pr,Pr
IHECRE00001954.2,9,0.95,0.95,Tx_Str,Tx_Str
IHECRE00001954.2,10,0.98,0.98,Het_C,Het_C
IHECRE00003842.2,1,0.39,0.21,Tx_Wk,Mix
IHECRE00003842.2,2,0.66,0.66,Tx_Wk,Tx_Wk
IHECRE00003842.2,3,0.27,0.23,Het_F,Rep
IHECRE00003842.2,4,0.94,0.94,NS,NS
IHECRE00003842.2,5,0.98,0.98,Pr,Pr
IHECRE00003842.2,6,0.6,0.6,Het_F,Het_F
IHECRE00003842.2,7,0.78,0.78,ReprPC,ReprPC
IHECRE00003842.2,8,0.98,0.98,Tx_Str,Tx_Str
IHECRE00003842.2,9,0.85,0.85,Het_C,Het_C
IHECRE00003842.2,10,0.39,0.39,Enh,Enh
IHECRE00000184.3,1,0.48,0.29,Rep,ReprPC
IHECRE00000184.3,2,0.54,0.54,Tx_Wk,Tx_Wk
IHECRE00000184.3,3,0.99,0.99,Het_C,Het_C
IHECRE00000184.3,4,0.99,0.99,NS,NS
IHECRE00000184.3,5,0.88,0.88,Enh,Enh
IHECRE00000184.3,6,0.54,0.54,Rep,Rep
IHECRE00000184.3,7,0.47,0.3,Mix,Het_F
IHECRE00000184.3,8,0.95,0.95,Pr,Pr
IHECRE00000184.3,9,0.43,0.43,Mix,Mix
IHECRE00000184.3,10,0.97,0.97,Tx_Str,Tx_Str
IHECRE00003692.4,1,0.38,0.38,Het_F,Het_F
IHECRE00003692.4,2,0.63,0.63,ReprPC,ReprPC
IHECRE00003692.4,3,0.5,0.5,Rep,Rep
IHECRE00003692.4,4,0.9,0.9,NS,NS
IHECRE00003692.4,5,0.9,0.9,Pr,Pr
IHECRE00003692.4,6,0.24,0.22,Rep,Mix
IHECRE00003692.4,7,0.38,0.38,Enh,Enh
IHECRE00003692.4,8,0.94,0.94,Het_C,Het_C
IHECRE00003692.4,9,0.44,0.44,Tx_Wk,Tx_Wk
IHECRE00003692.4,10,0.88,0.88,Tx_Str,Tx_Str
IHECRE00003819.1,1,0.93,0.93,Rep,Rep
IHECRE00003819.1,2,0.98,0.98,Tx_Wk,Tx_Wk
IHECRE00003819.1,3,0.96,0.96,Het_C,Het_C
IHECRE00003819.1,4,1,1,NS,NS
IHECRE00003819.1,5,1,1,Pr,Pr
IHECRE00003819.1,6,0.9,0.9,Het_F,Het_F
IHECRE00003819.1,7,1,1,Tx_Str,Tx_Str
IHECRE00003819.1,8,0.91,0.91,Mix,Mix
IHECRE00003819.1,9,0.95,0.95,ReprPC,ReprPC
IHECRE00003819.1,10,0.92,0.92,Enh,Enh
IHECRE00000738.3,1,0.88,0.88,Tx_Str,Tx_Str
IHECRE00000738.3,2,0.39,0.16,ReprPC,Rep
IHECRE00000738.3,3,0.63,0.63,Tx_Wk,Tx_Wk
IHECRE00000738.3,4,0.96,0.96,Het_C,Het_C
IHECRE00000738.3,5,0.96,0.96,NS,NS
IHECRE00000738.3,6,0.66,0.66,Het_F,Het_F
IHECRE00000738.3,7,0.67,0.67,ReprPC,ReprPC
IHECRE00000738.3,8,0.48,0.48,Enh,Enh
IHECRE00000738.3,9,0.87,0.87,Pr,Pr
IHECRE00000738.3,10,0.28,0.21,Het_F,Mix
IHECRE00000810.3,1,0.93,0.93,Tx_Str,Tx_Str
IHECRE00000810.3,2,0.28,0.26,Het_F,Rep
IHECRE00000810.3,3,0.71,0.71,Het_F,Het_F
IHECRE00000810.3,4,0.99,0.99,NS,NS
IHECRE00000810.3,5,0.73,0.73,Mix,Mix
IHECRE00000810.3,6,0.67,0.67,Enh,Enh
IHECRE00000810.3,7,0.38,0.38,Tx_Wk,Tx_Wk
IHECRE00000810.3,8,0.95,0.95,Het_C,Het_C
IHECRE00000810.3,9,0.96,0.96,Pr,Pr
IHECRE00000810.3,10,0.33,0.33,ReprPC,ReprPC
IHECRE00000142.3,1,0.34,0.34,Het_F,Het_F
IHECRE00000142.3,2,0.99,0.99,NS,NS
IHECRE00000142.3,3,1,1,Pr,Pr
IHECRE00000142.3,4,0.84,0.84,ReprPC,ReprPC
IHECRE00000142.3,5,0.5,0.5,Tx_Wk,Tx_Wk
IHECRE00000142.3,6,0.99,0.99,Tx_Str,Tx_Str
IHECRE00000142.3,7,0.66,0.66,Rep,Rep
IHECRE00000142.3,8,0.54,0.54,Mix,Mix
IHECRE00000142.3,9,0.78,0.78,Het_C,Het_C
IHECRE00000142.3,10,0.99,0.99,Enh,Enh
IHECRE00003809.1,1,0.97,0.97,Mix,Mix
IHECRE00003809.1,2,0.89,0.89,Het_F,Het_F
IHECRE00003809.1,3,1,1,Tx_Str,Tx_Str
IHECRE00003809.1,4,1,1,NS,NS
IHECRE00003809.1,5,1,1,Pr,Pr
IHECRE00003809.1,6,0.93,0.93,ReprPC,ReprPC
IHECRE00003809.1,7,0.97,0.97,Tx_Wk,Tx_Wk
IHECRE00003809.1,8,0.99,0.99,Het_C,Het_C
IHECRE00003809.1,9,0.96,0.96,Enh,Enh
IHECRE00003809.1,10,0.94,0.94,Rep,Rep
IHECRE00001965.2,1,0.51,0.51,Tx_Wk,Tx_Wk
IHECRE00001965.2,2,0.87,0.87,Enh,Enh
IHECRE00001965.2,3,1,1,Het_C,Het_C
IHECRE00001965.2,4,1,1,NS,NS
IHECRE00001965.2,5,0.37,0.37,Mix,Mix
IHECRE00001965.2,6,0.98,0.98,Pr,Pr
IHECRE00001965.2,7,0.83,0.83,Tx_Str,Tx_Str
IHECRE00001965.2,8,0.42,0.42,Het_F,Het_F
IHECRE00001965.2,9,0.6,0.6,ReprPC,ReprPC
IHECRE00001965.2,10,0.55,0.55,Rep,Rep
IHECRE00003836.3,1,0.58,0.58,Het_F,Het_F
IHECRE00003836.3,2,0.88,0.88,Pr,Pr
IHECRE00003836.3,3,0.42,0.3,Het_F,ReprPC
IHECRE00003836.3,4,1,1,NS,NS
IHECRE00003836.3,5,0.7,0.7,Enh,Enh
IHECRE00003836.3,6,0.62,0.62,Tx_Wk,Tx_Wk
IHECRE00003836.3,7,0.99,0.99,Het_C,Het_C
IHECRE00003836.3,8,0.42,0.4,Tx_Wk,Mix
IHECRE00003836.3,9,0.45,0.45,Rep,Rep
IHECRE00003836.3,10,0.84,0.84,Tx_Str,Tx_Str
IHECRE00000070.3,1,0.73,0.73,Rep,Rep
IHECRE00000070.3,2,0.37,0.37,Het_F,Het_F
IHECRE00000070.3,3,0.79,0.79,Het_C,Het_C
IHECRE00000070.3,4,0.99,0.99,NS,NS
IHECRE00000070.3,5,0.98,0.98,Tx_Str,Tx_Str
IHECRE00000070.3,6,0.97,0.97,ReprPC,ReprPC
IHECRE00000070.3,7,0.52,0.52,Enh,Enh
IHECRE00000070.3,8,0.47,0.21,Het_F,Mix
IHECRE00000070.3,9,1,1,Pr,Pr
IHECRE00000070.3,10,0.51,0.51,Tx_Wk,Tx_Wk
IHECRE00000194.3,1,0.55,0.55,Rep,Rep
IHECRE00000194.3,2,0.31,0.31,Mix,Mix
IHECRE00000194.3,3,0.96,0.96,ReprPC,ReprPC
IHECRE00000194.3,4,0.99,0.99,NS,NS
IHECRE00000194.3,5,0.99,0.99,Tx_Str,Tx_Str
IHECRE00000194.3,6,0.72,0.72,Het_C,Het_C
IHECRE00000194.3,7,0.74,0.74,Enh,Enh
IHECRE00000194.3,8,0.34,0.28,Rep,Het_F
IHECRE00000194.3,9,0.96,0.96,Pr,Pr
IHECRE00000194.3,10,0.73,0.73,Tx_Wk,Tx_Wk
IHECRE00003837.4,1,0.47,0.03,Het_F,Tx_Wk
IHECRE00003837.4,2,0.58,0.58,Het_F,Het_F
IHECRE00003837.4,3,0.5,0.5,Rep,Rep
IHECRE00003837.4,4,1,1,NS,NS
IHECRE00003837.4,5,1,1,Pr,Pr
IHECRE00003837.4,6,0.37,0.37,Het_C,Het_C
IHECRE00003837.4,7,0.73,0.73,ReprPC,ReprPC
IHECRE00003837.4,8,0.97,0.97,Tx_Str,Tx_Str
IHECRE00003837.4,9,0.39,0.39,Mix,Mix
IHECRE00003837.4,10,0.34,0.34,Enh,Enh
IHECRE00000013.3,1,0.95,0.95,Het_C,Het_C
IHECRE00000013.3,2,0.59,0.59,Enh,Enh
IHECRE00000013.3,3,0.48,0.48,Tx_Wk,Tx_Wk
IHECRE00000013.3,4,0.46,0.39,Rep,Het_F
IHECRE00000013.3,5,0.63,0.63,Rep,Rep
IHECRE00000013.3,6,0.48,0.48,Mix,Mix
IHECRE00000013.3,7,1,1,NS,NS
IHECRE00000013.3,8,0.95,0.95,ReprPC,ReprPC
IHECRE00000013.3,9,0.93,0.93,Tx_Str,Tx_Str
IHECRE00000013.3,10,1,1,Pr,Pr
IHECRE00001905.1,1,0.98,0.98,Tx_Str,Tx_Str
IHECRE00001905.1,2,0.96,0.96,Mix,Mix
IHECRE00001905.1,3,0.98,0.98,Rep,Rep
IHECRE00001905.1,4,1,1,NS,NS
IHECRE00001905.1,5,0.87,0.87,Tx_Wk,Tx_Wk
IHECRE00001905.1,6,1,1,Pr,Pr
IHECRE00001905.1,7,0.96,0.96,Enh,Enh
IHECRE00001905.1,8,0.92,0.92,Het_C,Het_C
IHECRE00001905.1,9,0.95,0.95,Het_F,Het_F
IHECRE00001905.1,10,0.99,0.99,ReprPC,ReprPC
IHECRE00004617.2,1,0.99,0.99,NS,NS
IHECRE00004617.2,2,1,1,Pr,Pr
IHECRE00004617.2,3,0.7,0.7,Het_C,Het_C
IHECRE00004617.2,4,0.47,0.47,ReprPC,ReprPC
IHECRE00004617.2,5,0.48,0.48,Tx_Str,Tx_Str
IHECRE00004617.2,6,0.26,0.26,Rep,Rep
IHECRE00004617.2,7,0.37,0.37,Het_F,Het_F
IHECRE00004617.2,8,0.36,0.36,Enh,Enh
IHECRE00004617.2,9,0.53,0.53,Tx_Wk,Tx_Wk
IHECRE00004617.2,10,0.37,0.27,Het_F,Mix
IHECRE00004614.1,1,0.78,0.78,Het_C,Het_C
IHECRE00004614.1,2,0.98,0.98,NS,NS
IHECRE00004614.1,3,0.41,0.41,Enh,Enh
IHECRE00004614.1,4,1,1,Pr,Pr
IHECRE00004614.1,5,0.5,0.5,Tx_Str,Tx_Str
IHECRE00004614.1,6,0.37,0.37,Mix,Mix
IHECRE00004614.1,7,0.55,0.55,Het_F,Het_F
IHECRE00004614.1,8,0.33,0.33,Rep,Rep
IHECRE00004614.1,9,0.38,0.11,Het_F,ReprPC
IHECRE00004614.1,10,0.5,0.5,Tx_Wk,Tx_Wk
IHECRE00003828.3,1,0.96,0.96,Het_C,Het_C
IHECRE00003828.3,2,0.78,0.78,Tx_Str,Tx_Str
IHECRE00003828.3,3,0.48,0.14,Het_F,Rep
IHECRE00003828.3,4,1,1,NS,NS
IHECRE00003828.3,5,0.39,0.39,Mix,Mix
IHECRE00003828.3,6,0.57,0.57,Enh,Enh
IHECRE00003828.3,7,0.5,0.5,Tx_Wk,Tx_Wk
IHECRE00003828.3,8,0.77,0.77,ReprPC,ReprPC
IHECRE00003828.3,9,1,1,Pr,Pr
IHECRE00003828.3,10,0.44,0.44,Het_F,Het_F
IHECRE00000283.2,1,0.64,0.64,Rep,Rep
IHECRE00000283.2,2,0.77,0.77,Mix,Mix
IHECRE00000283.2,3,0.98,0.98,Enh,Enh
IHECRE00000283.2,4,0.83,0.83,Tx_Wk,Tx_Wk
IHECRE00000283.2,5,1,1,Het_C,Het_C
IHECRE00000283.2,6,1,1,NS,NS
IHECRE00000283.2,7,1,1,Pr,Pr
IHECRE00000283.2,8,0.69,0.69,Het_F,Het_F
IHECRE00000283.2,9,1,1,Tx_Str,Tx_Str
IHECRE00000283.2,10,0.98,0.98,ReprPC,ReprPC
IHECRE00000099.3,1,0.57,0.57,Tx_Wk,Tx_Wk
IHECRE00000099.3,2,0.94,0.94,ReprPC,ReprPC
IHECRE00000099.3,3,1,1,Tx_Str,Tx_Str
IHECRE00000099.3,4,0.47,0.29,Rep,Het_F
IHECRE00000099.3,5,0.99,0.99,NS,NS
IHECRE00000099.3,6,0.48,0.48,Rep,Rep
IHECRE00000099.3,7,0.49,0.49,Mix,Mix
IHECRE00000099.3,8,1,1,Het_C,Het_C
IHECRE00000099.3,9,0.96,0.96,Pr,Pr
IHECRE00000099.3,10,0.92,0.92,Enh,Enh
IHECRE00000867.3,1,0.52,0.25,Het_F,Mix
IHECRE00000867.3,2,0.47,0.47,Het_F,Het_F
IHECRE00000867.3,3,0.91,0.91,Het_C,Het_C
IHECRE00000867.3,4,0.41,0.24,Het_F,Rep
IHECRE00000867.3,5,0.99,0.99,NS,NS
IHECRE00000867.3,6,0.78,0.78,Pr,Pr
IHECRE00000867.3,7,0.62,0.62,Tx_Str,Tx_Str
IHECRE00000867.3,8,0.33,0.33,Tx_Wk,Tx_Wk
IHECRE00000867.3,9,0.41,0.41,Enh,Enh
IHECRE00000867.3,10,0.42,0.42,ReprPC,ReprPC
IHECRE00001457.1,1,0.81,0.81,Het_F,Het_F
IHECRE00001457.1,2,0.99,0.99,Tx_Str,Tx_Str
IHECRE00001457.1,3,0.53,0.41,Het_F,Rep
IHECRE00001457.1,4,1,1,NS,NS
IHECRE00001457.1,5,0.32,0.17,Het_F,Mix
IHECRE00001457.1,6,1,1,Pr,Pr
IHECRE00001457.1,7,0.8,0.8,Tx_Wk,Tx_Wk
IHECRE00001457.1,8,1,1,ReprPC,ReprPC
IHECRE00001457.1,9,0.73,0.73,Enh,Enh
IHECRE00001457.1,10,0.98,0.98,Het_C,Het_C
IHECRE00001901.1,1,1,1,Tx_Str,Tx_Str
IHECRE00001901.1,2,0.98,0.98,Het_C,Het_C
IHECRE00001901.1,3,0.84,0.84,Rep,Rep
IHECRE00001901.1,4,1,1,NS,NS
IHECRE00001901.1,5,0.9,0.9,Tx_Wk,Tx_Wk
IHECRE00001901.1,6,0.91,0.91,Mix,Mix
IHECRE00001901.1,7,1,1,Pr,Pr
IHECRE00001901.1,8,0.95,0.95,Het_F,Het_F
IHECRE00001901.1,9,0.53,0.53,ReprPC,ReprPC
IHECRE00001901.1,10,0.85,0.85,Enh,Enh
IHECRE00003834.5,1,0.95,0.95,Tx_Str,Tx_Str
IHECRE00003834.5,2,0.98,0.98,Het_C,Het_C
IHECRE00003834.5,3,0.31,0.31,Het_F,Het_F
IHECRE00003834.5,4,0.99,0.99,NS,NS
IHECRE00003834.5,5,0.34,0.14,Enh,Mix
IHECRE00003834.5,6,0.54,0.54,Tx_Wk,Tx_Wk
IHECRE00003834.5,7,0.92,0.92,Enh,Enh
IHECRE00003834.5,8,0.32,0.32,Rep,Rep
IHECRE00003834.5,9,0.98,0.98,ReprPC,ReprPC
IHECRE00003834.5,10,0.96,0.96,Pr,Pr
IHECRE00000231.3,1,0.93,0.93,Tx_Str,Tx_Str
IHECRE00000231.3,2,0.42,0.42,Mix,Mix
IHECRE00000231.3,3,0.39,0.39,Het_C,Het_C
IHECRE00000231.3,4,0.94,0.94,NS,NS
IHECRE00000231.3,5,0.45,0.45,Het_F,Het_F
IHECRE00000231.3,6,0.94,0.94,Pr,Pr
IHECRE00000231.3,7,0.52,0.52,Enh,Enh
IHECRE00000231.3,8,0.35,0.35,Rep,Rep
IHECRE00000231.3,9,0.72,0.72,ReprPC,ReprPC
IHECRE00000231.3,10,0.28,0.07,Mix,Tx_Wk
IHECRE00000346.2,1,0.98,0.98,NS,NS
IHECRE00000346.2,2,0.94,0.94,Pr,Pr
IHECRE00000346.2,3,0.56,0.56,Tx_Wk,Tx_Wk
IHECRE00000346.2,4,0.45,0.36,Tx_Wk,Mix
IHECRE00000346.2,5,0.45,0.45,Het_F,Het_F
IHECRE00000346.2,6,0.72,0.72,Het_C,Het_C
IHECRE00000346.2,7,0.6,0.6,Rep,Rep
IHECRE00000346.2,8,0.97,0.97,ReprPC,ReprPC
IHECRE00000346.2,9,0.95,0.95,Tx_Str,Tx_Str
IHECRE00000346.2,10,0.84,0.84,Enh,Enh
IHECRE00000728.1,1,0.41,0.41,Rep,Rep
IHECRE00000728.1,2,1,1,NS,NS
IHECRE00000728.1,3,1,1,Pr,Pr
IHECRE00000728.1,4,0.61,0.61,Enh,Enh
IHECRE00000728.1,5,0.65,0.65,Mix,Mix
IHECRE00000728.1,6,0.92,0.92,Tx_Str,Tx_Str
IHECRE00000728.1,7,0.83,0.83,Het_C,Het_C
IHECRE00000728.1,8,0.38,0.38,Het_F,Het_F
IHECRE00000728.1,9,0.97,0.97,ReprPC,ReprPC
IHECRE00000728.1,10,0.63,0.63,Tx_Wk,Tx_Wk
IHECRE00004609.2,1,0.44,0.44,Enh,Enh
IHECRE00004609.2,2,0.52,0.52,Tx_Wk,Tx_Wk
IHECRE00004609.2,3,0.47,0.11,Het_C,Rep
IHECRE00004609.2,4,0.99,0.99,NS,NS
IHECRE00004609.2,5,1,1,Pr,Pr
IHECRE00004609.2,6,0.45,0.45,Het_C,Het_C
IHECRE00004609.2,7,0.59,0.59,ReprPC,ReprPC
IHECRE00004609.2,8,0.38,0.38,Tx_Str,Tx_Str
IHECRE00004609.2,9,0.37,0.37,Het_F,Het_F
IHECRE00004609.2,10,0.54,0.28,Tx_Wk,Mix
IHECRE00000055.3,1,0.47,0.47,Rep,Rep
IHECRE00000055.3,2,0.96,0.96,Tx_Str,Tx_Str
IHECRE00000055.3,3,0.42,0.05,Het_C,Mix
IHECRE00000055.3,4,1,1,NS,NS
IHECRE00000055.3,5,0.48,0.48,Het_F,Het_F
IHECRE00000055.3,6,1,1,Pr,Pr
IHECRE00000055.3,7,0.55,0.55,Tx_Wk,Tx_Wk
IHECRE00000055.3,8,0.47,0.47,Het_C,Het_C
IHECRE00000055.3,9,0.41,0.41,Enh,Enh
IHECRE00000055.3,10,0.95,0.95,ReprPC,ReprPC
IHECRE00000774.3,1,0.73,0.73,Het_C,Het_C
IHECRE00000774.3,2,0.92,0.92,Enh,Enh
IHECRE00000774.3,3,0.99,0.99,NS,NS
IHECRE00000774.3,4,0.74,0.74,Tx_Wk,Tx_Wk
IHECRE00000774.3,5,0.72,0.72,ReprPC,ReprPC
IHECRE00000774.3,6,0.6,0.6,Mix,Mix
IHECRE00000774.3,7,0.84,0.84,Tx_Str,Tx_Str
IHECRE00000774.3,8,0.48,0.48,Rep,Rep
IHECRE00000774.3,9,0.67,0.67,Het_F,Het_F
IHECRE00000774.3,10,0.96,0.96,Pr,Pr
IHECRE00001961.2,1,0.7,0.7,Het_C,Het_C
IHECRE00001961.2,2,0.73,0.73,Enh,Enh
IHECRE00001961.2,3,0.96,0.96,NS,NS
IHECRE00001961.2,4,0.45,0.45,Rep,Rep
IHECRE00001961.2,5,0.35,0.35,Het_F,Het_F
IHECRE00001961.2,6,0.21,0.21,ReprPC,ReprPC
IHECRE00001961.2,7,0.41,0.41,Mix,Mix
IHECRE00001961.2,8,0.86,0.86,Tx_Str,Tx_Str
IHECRE00001961.2,9,0.28,0.28,Tx_Wk,Tx_Wk
IHECRE00001961.2,10,0.94,0.94,Pr,Pr
IHECRE00000304.2,1,0.33,0.33,Het_F,Het_F
IHECRE00000304.2,2,0.9,0.9,Het_C,Het_C
IHECRE00000304.2,3,0.93,0.93,Tx_Str,Tx_Str
IHECRE00000304.2,4,1,1,NS,NS
IHECRE00000304.2,5,1,1,Pr,Pr
IHECRE00000304.2,6,0.95,0.95,Enh,Enh
IHECRE00000304.2,7,0.51,0.51,Mix,Mix
IHECRE00000304.2,8,0.33,0.19,Mix,Rep
IHECRE00000304.2,9,0.65,0.65,Tx_Wk,Tx_Wk
IHECRE00000304.2,10,0.91,0.91,ReprPC,ReprPC
IHECRE00004728.1,1,0.5,0.5,Tx_Wk,Tx_Wk
IHECRE00004728.1,2,0.4,0.4,Mix,Mix
IHECRE00004728.1,3,0.4,0.4,Rep,Rep
IHECRE00004728.1,4,0.99,0.99,NS,NS
IHECRE00004728.1,5,0.41,0.41,Het_F,Het_F
IHECRE00004728.1,6,1,1,Pr,Pr
IHECRE00004728.1,7,0.79,0.79,Tx_Str,Tx_Str
IHECRE00004728.1,8,0.28,0.28,Het_C,Het_C
IHECRE00004728.1,9,0.4,0.4,Enh,Enh
IHECRE00004728.1,10,0.42,0.13,Het_F,ReprPC
IHECRE00000177.3,1,0.99,0.99,NS,NS
IHECRE00000177.3,2,0.63,0.63,Enh,Enh
IHECRE00000177.3,3,0.39,0.33,Rep,Het_F
IHECRE00000177.3,4,0.6,0.6,Rep,Rep
IHECRE00000177.3,5,0.95,0.95,Tx_Str,Tx_Str
IHECRE00000177.3,6,0.93,0.93,Het_C,Het_C
IHECRE00000177.3,7,0.94,0.94,ReprPC,ReprPC
IHECRE00000177.3,8,1,1,Pr,Pr
IHECRE00000177.3,9,0.33,0.33,Mix,Tx_Wk
IHECRE00000177.3,10,0.41,0.3,Rep,Mix
IHECRE00000242.3,1,0.73,0.73,NS,NS
IHECRE00000242.3,2,0.41,0.41,Mix,Mix
IHECRE00000242.3,3,0.67,0.67,ReprPC,ReprPC
IHECRE00000242.3,4,0.31,0.24,Rep,Tx_Wk
IHECRE00000242.3,5,0.68,0.68,Enh,Enh
IHECRE00000242.3,6,0.71,0.71,Tx_Str,Tx_Str
IHECRE00000242.3,7,0.8,0.8,Pr,Pr
IHECRE00000242.3,8,0.47,0.47,Het_C,Het_C
IHECRE00000242.3,9,0.38,0.38,Rep,Rep
IHECRE00000242.3,10,0.38,0.17,Het_C,Het_F
IHECRE00003822.3,1,0.56,0.56,Het_F,Het_F
IHECRE00003822.3,2,0.93,0.93,NS,NS
IHECRE00003822.3,3,0.7,0.7,Het_C,Het_C
IHECRE00003822.3,4,0.46,0.03,Het_F,Enh
IHECRE00003822.3,5,0.75,0.75,Tx_Str,Tx_Str
IHECRE00003822.3,6,0.92,0.92,Pr,Pr
IHECRE00003822.3,7,0.43,0.43,Tx_Wk,Tx_Wk
IHECRE00003822.3,8,0.25,0.17,Het_F,Rep
IHECRE00003822.3,9,0.73,0.73,ReprPC,ReprPC
IHECRE00003822.3,10,0.37,0.37,Mix,Mix
IHECRE00004604.3,1,0.46,0.46,Mix,Mix
IHECRE00004604.3,2,0.28,0.28,Enh,Enh
IHECRE00004604.3,3,0.32,0.32,Rep,Rep
IHECRE00004604.3,4,0.99,0.99,NS,NS
IHECRE00004604.3,5,0.98,0.98,Pr,Pr
IHECRE00004604.3,6,0.33,0.21,Het_C,ReprPC
IHECRE00004604.3,7,0.91,0.91,Het_C,Het_C
IHECRE00004604.3,8,0.88,0.88,Tx_Str,Tx_Str
IHECRE00004604.3,9,0.49,0.49,Het_F,Het_F
IHECRE00004604.3,10,0.37,0.25,Mix,Tx_Wk
IHECRE00000335.2,1,0.74,0.74,Het_F,Het_F
IHECRE00000335.2,2,1,1,NS,NS
IHECRE00000335.2,3,1,1,Pr,Pr
IHECRE00000335.2,4,0.9,0.9,ReprPC,ReprPC
IHECRE00000335.2,5,0.9,0.9,Rep,Rep
IHECRE00000335.2,6,0.73,0.73,Mix,Mix
IHECRE00000335.2,7,0.75,0.75,Tx_Wk,Tx_Wk
IHECRE00000335.2,8,0.93,0.93,Het_C,Het_C
IHECRE00000335.2,9,0.74,0.74,Enh,Enh
IHECRE00000335.2,10,0.98,0.98,Tx_Str,Tx_Str
IHECRE00000265.2,1,0.61,0.61,Rep,Rep
IHECRE00000265.2,2,0.9,0.9,Het_C,Het_C
IHECRE00000265.2,3,0.96,0.96,Tx_Str,Tx_Str
IHECRE00000265.2,4,1,1,NS,NS
IHECRE00000265.2,5,0.8,0.8,Enh,Enh
IHECRE00000265.2,6,0.93,0.93,ReprPC,ReprPC
IHECRE00000265.2,7,0.53,0.53,Tx_Wk,Tx_Wk
IHECRE00000265.2,8,0.54,0.43,Tx_Wk,Mix
IHECRE00000265.2,9,1,1,Pr,Pr
IHECRE00000265.2,10,0.36,0.34,Mix,Het_F
IHECRE00003827.1,1,0.85,0.85,Tx_Str,Tx_Str
IHECRE00003827.1,2,0.24,0.24,Mix,Mix
IHECRE00003827.1,3,0.35,0.35,Het_F,Het_F
IHECRE00003827.1,4,0.89,0.89,NS,NS
IHECRE00003827.1,5,0.38,0.21,Tx_Wk,Enh
IHECRE00003827.1,6,0.26,0.26,Tx_Wk,Tx_Wk
IHECRE00003827.1,7,0.74,0.74,Pr,Pr
IHECRE00003827.1,8,0.78,0.78,Het_C,Het_C
IHECRE00003827.1,9,0.4,0.29,Het_F,Rep
IHECRE00003827.1,10,0.54,0.42,Pr,ReprPC
IHECRE00000027.3,1,0.74,0.74,Tx_Wk,Tx_Wk
IHECRE00000027.3,2,0.77,0.77,Het_F,Het_F
IHECRE00000027.3,3,0.87,0.87,Tx_Str,Tx_Str
IHECRE00000027.3,4,0.99,0.99,NS,NS
IHECRE00000027.3,5,1,1,Pr,Pr
IHECRE00000027.3,6,0.34,0.34,Mix,Mix
IHECRE00000027.3,7,0.68,0.68,ReprPC,ReprPC
IHECRE00000027.3,8,0.98,0.98,Het_C,Het_C
IHECRE00000027.3,9,0.79,0.79,Enh,Enh
IHECRE00000027.3,10,0.52,0.52,Rep,Rep
IHECRE00004602.2,1,0.52,0.52,Het_F,Het_F
IHECRE00004602.2,2,0.96,0.96,NS,NS
IHECRE00004602.2,3,0.94,0.94,Pr,Pr
IHECRE00004602.2,4,0.86,0.86,ReprPC,ReprPC
IHECRE00004602.2,5,0.83,0.83,Het_C,Het_C
IHECRE00004602.2,6,0.57,0.57,Mix,Mix
IHECRE00004602.2,7,0.33,0.33,Tx_Wk,Tx_Wk
IHECRE00004602.2,8,0.58,0.58,Rep,Rep
IHECRE00004602.2,9,0.33,0.33,Tx_Wk,Enh
IHECRE00004602.2,10,0.96,0.96,Tx_Str,Tx_Str
IHECRE00003825.5,1,0.98,0.98,Tx_Str,Tx_Str
IHECRE00003825.5,2,0.28,0.28,Tx_Wk,Tx_Wk
IHECRE00003825.5,3,0.51,0.3,Het_F,Het_C
IHECRE00003825.5,4,0.98,0.98,NS,NS
IHECRE00003825.5,5,0.46,0.46,Mix,Mix
IHECRE00003825.5,6,1,1,Pr,Pr
IHECRE00003825.5,7,0.33,0.14,Het_F,Rep
IHECRE00003825.5,8,0.45,0.45,Het_F,Het_F
IHECRE00003825.5,9,0.59,0.59,ReprPC,ReprPC
IHECRE00003825.5,10,0.4,0.4,Enh,Enh
IHECRE00003716.2,1,0.56,0.56,Rep,Rep
IHECRE00003716.2,2,0.92,0.92,NS,NS
IHECRE00003716.2,3,0.92,0.92,Pr,Pr
IHECRE00003716.2,4,0.56,0.56,Enh,Enh
IHECRE00003716.2,5,0.76,0.76,Tx_Str,Tx_Str
IHECRE00003716.2,6,0.35,0.35,Het_F,Het_F
IHECRE00003716.2,7,0.38,0.38,ReprPC,ReprPC
IHECRE00003716.2,8,0.3,0.27,Mix,Tx_Wk
IHECRE00003716.2,9,0.38,0.24,Enh,Mix
IHECRE00003716.2,10,0.91,0.91,Het_C,Het_C
IHECRE00001335.1,1,0.96,0.96,ReprPC,ReprPC
IHECRE00001335.1,2,0.99,0.99,NS,NS
IHECRE00001335.1,3,0.77,0.77,Enh,Enh
IHECRE00001335.1,4,1,1,Pr,Pr
IHECRE00001335.1,5,0.64,0.64,Rep,Rep
IHECRE00001335.1,6,0.99,0.99,Het_C,Het_C
IHECRE00001335.1,7,0.39,0.33,Rep,Het_F
IHECRE00001335.1,8,0.31,0.2,Het_F,Tx_Wk
IHECRE00001335.1,9,0.92,0.92,Tx_Str,Tx_Str
IHECRE00001335.1,10,0.46,0.46,Mix,Mix
IHECRE00000147.3,1,0.28,0.26,ReprPC,Het_F
IHECRE00000147.3,2,0.97,0.97,Tx_Str,Tx_Str
IHECRE00000147.3,3,0.6,0.6,Rep,Rep
IHECRE00000147.3,4,0.99,0.99,NS,NS
IHECRE00000147.3,5,0.96,0.96,Pr,Pr
IHECRE00000147.3,6,0.57,0.57,Het_C,Het_C
IHECRE00000147.3,7,0.64,0.64,ReprPC,ReprPC
IHECRE00000147.3,8,0.24,0.22,Rep,Mix
IHECRE00000147.3,9,0.45,0.45,Tx_Wk,Tx_Wk
IHECRE00000147.3,10,0.44,0.44,Enh,Enh
IHECRE00000298.2,1,0.68,0.68,ReprPC,ReprPC
IHECRE00000298.2,2,1,1,NS,NS
IHECRE00000298.2,3,1,1,Pr,Pr
IHECRE00000298.2,4,0.73,0.73,Enh,Enh
IHECRE00000298.2,5,0.86,0.86,Rep,Rep
IHECRE00000298.2,6,0.99,0.99,Tx_Str,Tx_Str
IHECRE00000298.2,7,0.83,0.83,Het_F,Het_F
IHECRE00000298.2,8,0.85,0.85,Het_C,Het_C
IHECRE00000298.2,9,0.69,0.69,Mix,Mix
IHECRE00000298.2,10,0.91,0.91,Tx_Wk,Tx_Wk
IHECRE00000347.2,1,0.78,0.78,Rep,Rep
IHECRE00000347.2,2,0.77,0.77,Mix,Mix
IHECRE00000347.2,3,1,1,Het_C,Het_C
IHECRE00000347.2,4,1,1,NS,NS
IHECRE00000347.2,5,1,1,Pr,Pr
IHECRE00000347.2,6,0.78,0.78,Het_F,Het_F
IHECRE00000347.2,7,0.92,0.92,Tx_Wk,Tx_Wk
IHECRE00000347.2,8,1,1,Tx_Str,Tx_Str
IHECRE00000347.2,9,0.98,0.98,Enh,Enh
IHECRE00000347.2,10,0.98,0.98,ReprPC,ReprPC
IHECRE00000016.3,1,0.39,0.13,Het_F,Mix
IHECRE00000016.3,2,0.77,0.77,Tx_Wk,Tx_Wk
IHECRE00000016.3,3,0.92,0.92,ReprPC,ReprPC
IHECRE00000016.3,4,1,1,NS,NS
IHECRE00000016.3,5,1,1,Pr,Pr
IHECRE00000016.3,6,0.94,0.94,Het_C,Het_C
IHECRE00000016.3,7,0.97,0.97,Enh,Enh
IHECRE00000016.3,8,0.98,0.98,Tx_Str,Tx_Str
IHECRE00000016.3,9,0.56,0.56,Het_F,Het_F
IHECRE00000016.3,10,0.56,0.56,Rep,Rep
IHECRE00001900.1,1,0.59,0.59,ReprPC,ReprPC
IHECRE00001900.1,2,1,1,NS,NS
IHECRE00001900.1,3,1,1,Pr,Pr
IHECRE00001900.1,4,0.91,0.91,Enh,Enh
IHECRE00001900.1,5,0.9,0.9,Tx_Wk,Tx_Wk
IHECRE00001900.1,6,0.86,0.86,Het_F,Het_F
IHECRE00001900.1,7,1,1,Tx_Str,Tx_Str
IHECRE00001900.1,8,0.82,0.82,Mix,Mix
IHECRE00001900.1,9,0.7,0.7,Rep,Rep
IHECRE00001900.1,10,0.99,0.99,Het_C,Het_C
IHECRE00000866.3,1,0.81,0.81,Het_C,Het_C
IHECRE00000866.3,2,0.88,0.88,Tx_Str,Tx_Str
IHECRE00000866.3,3,0.54,0.54,Enh,Enh
IHECRE00000866.3,4,0.96,0.96,NS,NS
IHECRE00000866.3,5,0.58,0.58,Tx_Wk,Tx_Wk
IHECRE00000866.3,6,0.87,0.87,Pr,Pr
IHECRE00000866.3,7,0.42,0.42,Rep,Rep
IHECRE00000866.3,8,0.28,0.28,Het_F,Het_F
IHECRE00000866.3,9,0.51,0.51,ReprPC,ReprPC
IHECRE00000866.3,10,0.4,0.13,ReprPC,Mix
IHECRE00000891.3,1,0.54,0.03,Tx_Str,Rep
IHECRE00000891.3,2,0.99,0.99,NS,NS
IHECRE00000891.3,3,0.86,0.86,Pr,Pr
IHECRE00000891.3,4,0.38,0.38,Enh,Enh
IHECRE00000891.3,5,0.33,0.33,Tx_Wk,Tx_Wk
IHECRE00000891.3,6,0.39,0.3,Het_F,Mix
IHECRE00000891.3,7,0.42,0.3,Het_C,Het_F
IHECRE00000891.3,8,0.72,0.72,Het_C,Het_C
IHECRE00000891.3,9,0.39,0.39,ReprPC,ReprPC
IHECRE00000891.3,10,0.68,0.68,Tx_Str,Tx_Str
IHECRE00000124.3,1,0.46,0.46,Rep,Rep
IHECRE00000124.3,2,0.77,0.77,Tx_Str,Tx_Str
IHECRE00000124.3,3,0.41,0.41,Tx_Wk,Tx_Wk
IHECRE00000124.3,4,0.99,0.99,NS,NS
IHECRE00000124.3,5,0.44,0.44,Mix,Mix
IHECRE00000124.3,6,0.63,0.63,Enh,Enh
IHECRE00000124.3,7,1,1,Het_C,Het_C
IHECRE00000124.3,8,0.6,0.6,Het_F,Het_F
IHECRE00000124.3,9,1,1,Pr,Pr
IHECRE00000124.3,10,0.95,0.95,ReprPC,ReprPC
IHECRE00001921.1,1,0.87,0.87,Mix,Mix
IHECRE00001921.1,2,1,1,Tx_Str,Tx_Str
IHECRE00001921.1,3,1,1,Het_C,Het_C
IHECRE00001921.1,4,1,1,NS,NS
IHECRE00001921.1,5,0.95,0.95,Tx_Wk,Tx_Wk
IHECRE00001921.1,6,1,1,ReprPC,ReprPC
IHECRE00001921.1,7,0.73,0.73,Rep,Rep
IHECRE00001921.1,8,1,1,Enh,Enh
IHECRE00001921.1,9,1,1,Pr,Pr
IHECRE00001921.1,10,0.82,0.82,Het_F,Het_F
IHECRE00000126.3,1,0.99,0.99,NS,NS
IHECRE00000126.3,2,0.88,0.88,Enh,Enh
IHECRE00000126.3,3,0.74,0.74,Rep,Rep
IHECRE00000126.3,4,0.66,0.66,Tx_Wk,Tx_Wk
IHECRE00000126.3,5,0.64,0.64,Mix,Mix
IHECRE00000126.3,6,0.94,0.94,Het_C,Het_C
IHECRE00000126.3,7,0.62,0.62,Het_F,Het_F
IHECRE00000126.3,8,0.88,0.88,ReprPC,ReprPC
IHECRE00000126.3,9,0.99,0.99,Tx_Str,Tx_Str
IHECRE00000126.3,10,0.96,0.96,Pr,Pr
IHECRE00001959.2,1,0.49,0.49,Mix,Mix
IHECRE00001959.2,2,0.4,0.4,Tx_Wk,Tx_Wk
IHECRE00001959.2,3,0.78,0.78,Het_C,Het_C
IHECRE00001959.2,4,1,1,NS,NS
IHECRE00001959.2,5,0.52,0.52,ReprPC,ReprPC
IHECRE00001959.2,6,1,1,Pr,Pr
IHECRE00001959.2,7,0.88,0.88,Tx_Str,Tx_Str
IHECRE00001959.2,8,0.34,0.34,Het_F,Het_F
IHECRE00001959.2,9,0.53,0.53,Enh,Enh
IHECRE00001959.2,10,0.39,0.39,Rep,Rep
IHECRE00004610.2,1,0.5,0.5,Het_C,Het_C
IHECRE00004610.2,2,0.42,0.16,Het_C,Rep
IHECRE00004610.2,3,0.4,0.4,Het_F,Het_F
IHECRE00004610.2,4,0.99,0.99,NS,NS
IHECRE00004610.2,5,0.44,0.44,Enh,Enh
IHECRE00004610.2,6,0.51,0.51,Tx_Wk,Tx_Wk
IHECRE00004610.2,7,1,1,Pr,Pr
IHECRE00004610.2,8,0.34,0.34,Mix,Mix
IHECRE00004610.2,9,0.77,0.77,Tx_Str,Tx_Str
IHECRE00004610.2,10,0.51,0.51,ReprPC,ReprPC
IHECRE00001902.1,1,1,1,Tx_Str,Tx_Str
IHECRE00001902.1,2,0.82,0.82,Het_F,Het_F
IHECRE00001902.1,3,0.94,0.94,Het_C,Het_C
IHECRE00001902.1,4,1,1,NS,NS
IHECRE00001902.1,5,0.88,0.88,Tx_Wk,Tx_Wk
IHECRE00001902.1,6,1,1,Pr,Pr
IHECRE00001902.1,7,0.91,0.91,ReprPC,ReprPC
IHECRE00001902.1,8,0.79,0.79,Mix,Mix
IHECRE00001902.1,9,0.89,0.89,Rep,Rep
IHECRE00001902.1,10,0.95,0.95,Enh,Enh
IHECRE00001375.1,1,1,1,Tx_Str,Tx_Str
IHECRE00001375.1,2,1,1,Het_C,Het_C
IHECRE00001375.1,3,0.73,0.73,Het_F,Het_F
IHECRE00001375.1,4,1,1,NS,NS
IHECRE00001375.1,5,0.85,0.85,Mix,Mix
IHECRE00001375.1,6,1,1,Pr,Pr
IHECRE00001375.1,7,0.97,0.97,ReprPC,ReprPC
IHECRE00001375.1,8,0.76,0.76,Rep,Rep
IHECRE00001375.1,9,0.92,0.92,Tx_Wk,Tx_Wk
IHECRE00001375.1,10,1,1,Enh,Enh
IHECRE00000256.2,1,0.96,0.96,ReprPC,ReprPC
IHECRE00000256.2,2,0.31,0.29,ReprPC,Rep
IHECRE00000256.2,3,0.95,0.95,Het_C,Het_C
IHECRE00000256.2,4,1,1,NS,NS
IHECRE00000256.2,5,0.95,0.95,Enh,Enh
IHECRE00000256.2,6,0.47,0.47,Mix,Mix
IHECRE00000256.2,7,0.7,0.7,Tx_Wk,Tx_Wk
IHECRE00000256.2,8,0.97,0.97,Tx_Str,Tx_Str
IHECRE00000256.2,9,0.7,0.7,Het_F,Het_F
IHECRE00000256.2,10,1,1,Pr,Pr
IHECRE00000193.3,1,0.98,0.98,NS,NS
IHECRE00000193.3,2,0.48,0.48,Tx_Wk,Tx_Wk
IHECRE00000193.3,3,0.52,0.4,Tx_Wk,Mix
IHECRE00000193.3,4,0.93,0.93,Enh,Enh
IHECRE00000193.3,5,1,1,Het_C,Het_C
IHECRE00000193.3,6,0.47,0.47,Het_F,Het_F
IHECRE00000193.3,7,0.94,0.94,ReprPC,ReprPC
IHECRE00000193.3,8,0.96,0.96,Pr,Pr
IHECRE00000193.3,9,1,1,Tx_Str,Tx_Str
IHECRE00000193.3,10,0.37,0.21,ReprPC,Rep
IHECRE00000228.3,1,0.49,0.49,Tx_Wk,Tx_Wk
IHECRE00000228.3,2,0.36,0.36,Mix,Mix
IHECRE00000228.3,3,0.43,0.43,Het_C,Het_C
IHECRE00000228.3,4,0.86,0.86,NS,NS
IHECRE00000228.3,5,0.89,0.89,Pr,Pr
IHECRE00000228.3,6,0.28,0.28,Het_F,Het_F
IHECRE00000228.3,7,0.27,0.24,ReprPC,Rep
IHECRE00000228.3,8,0.9,0.9,Tx_Str,Tx_Str
IHECRE00000228.3,9,0.64,0.64,ReprPC,ReprPC
IHECRE00000228.3,10,0.21,0.01,NS,Enh
IHECRE00001962.2,1,0.91,0.91,Het_C,Het_C
IHECRE00001962.2,2,0.5,0.5,ReprPC,ReprPC
IHECRE00001962.2,3,0.34,0.34,Het_F,Het_F
IHECRE00001962.2,4,0.94,0.94,NS,NS
IHECRE00001962.2,5,0.89,0.89,Tx_Str,Tx_Str
IHECRE00001962.2,6,0.42,0.42,Tx_Wk,Tx_Wk
IHECRE00001962.2,7,0.54,0.54,Enh,Enh
IHECRE00001962.2,8,0.56,0.56,Rep,Rep
IHECRE00001962.2,9,0.76,0.76,Pr,Pr
IHECRE00001962.2,10,0.51,0.51,Mix,Mix
IHECRE00001908.1,1,1,1,NS,NS
IHECRE00001908.1,2,1,1,Pr,Pr
IHECRE00001908.1,3,0.96,0.96,Het_F,Het_F
IHECRE00001908.1,4,0.86,0.86,Tx_Wk,Tx_Wk
IHECRE00001908.1,5,0.99,0.99,Mix,Mix
IHECRE00001908.1,6,0.97,0.97,Het_C,Het_C
IHECRE00001908.1,7,0.97,0.97,Rep,Rep
IHECRE00001908.1,8,0.98,0.98,ReprPC,ReprPC
IHECRE00001908.1,9,0.99,0.99,Tx_Str,Tx_Str
IHECRE00001908.1,10,0.98,0.98,Enh,Enh
IHECRE00000155.3,1,0.99,0.99,NS,NS
IHECRE00000155.3,2,1,1,Pr,Pr
IHECRE00000155.3,3,0.92,0.92,Tx_Str,Tx_Str
IHECRE00000155.3,4,0.47,0.47,Tx_Wk,Tx_Wk
IHECRE00000155.3,5,0.48,0.48,Mix,Mix
IHECRE00000155.3,6,0.51,0.23,Het_C,Het_F
IHECRE00000155.3,7,0.96,0.96,ReprPC,ReprPC
IHECRE00000155.3,8,0.78,0.78,Enh,Enh
IHECRE00000155.3,9,0.84,0.84,Het_C,Het_C
IHECRE00000155.3,10,0.46,0.46,Rep,Rep
IHECRE00000317.2,1,0.64,0.64,Tx_Wk,Tx_Wk
IHECRE00000317.2,2,0.88,0.88,Tx_Str,Tx_Str
IHECRE00000317.2,3,0.99,0.99,Het_C,Het_C
IHECRE00000317.2,4,1,1,NS,NS
IHECRE00000317.2,5,0.81,0.81,Enh,Enh
IHECRE00000317.2,6,0.96,0.96,Pr,Pr
IHECRE00000317.2,7,0.59,0.59,Het_F,Het_F
IHECRE00000317.2,8,0.52,0.52,Rep,Rep
IHECRE00000317.2,9,0.87,0.87,ReprPC,ReprPC
IHECRE00000317.2,10,0.43,0.39,Tx_Wk,Mix
IHECRE00003821.3,1,0.38,0.38,Mix,Mix
IHECRE00003821.3,2,0.92,0.92,Het_C,Het_C
IHECRE00003821.3,3,0.25,0.16,Tx_Str,Rep
IHECRE00003821.3,4,1,1,NS,NS
IHECRE00003821.3,5,0.38,0.38,Het_F,Het_F
IHECRE00003821.3,6,0.6,0.6,Enh,Enh
IHECRE00003821.3,7,0.74,0.74,Tx_Str,Tx_Str
IHECRE00003821.3,8,0.43,0.19,Het_F,ReprPC
IHECRE00003821.3,9,0.98,0.98,Pr,Pr
IHECRE00003821.3,10,0.4,0.4,Tx_Wk,Tx_Wk
IHECRE00000174.3,1,0.35,0.28,ReprPC,Het_F
IHECRE00000174.3,2,0.54,0.54,Rep,Rep
IHECRE00000174.3,3,0.99,0.99,Tx_Str,Tx_Str
IHECRE00000174.3,4,1,1,NS,NS
IHECRE00000174.3,5,1,1,Pr,Pr
IHECRE00000174.3,6,0.93,0.93,Het_C,Het_C
IHECRE00000174.3,7,0.54,0.54,Tx_Wk,Tx_Wk
IHECRE00000174.3,8,0.48,0.29,Het_F,Mix
IHECRE00000174.3,9,0.95,0.95,Enh,Enh
IHECRE00000174.3,10,0.97,0.97,ReprPC,ReprPC
IHECRE00000828.1,1,0.74,0.74,ReprPC,ReprPC
IHECRE00000828.1,2,0.99,0.99,NS,NS
IHECRE00000828.1,3,0.53,0.53,Enh,Enh
IHECRE00000828.1,4,1,1,Pr,Pr
IHECRE00000828.1,5,0.68,0.68,Tx_Wk,Tx_Wk
IHECRE00000828.1,6,0.97,0.97,Het_C,Het_C
IHECRE00000828.1,7,0.92,0.92,Tx_Str,Tx_Str
IHECRE00000828.1,8,0.8,0.8,Het_F,Het_F
IHECRE00000828.1,9,0.26,0.2,Tx_Wk,Rep
IHECRE00000828.1,10,0.63,0.2,Tx_Wk,Mix
IHECRE00003845.2,1,0.56,0.56,Rep,Rep
IHECRE00003845.2,2,0.78,0.78,Het_C,Het_C
IHECRE00003845.2,3,0.91,0.91,NS,NS
IHECRE00003845.2,4,0.35,0.32,Mix,Enh
IHECRE00003845.2,5,0.91,0.91,ReprPC,ReprPC
IHECRE00003845.2,6,0.46,0.46,Mix,Mix
IHECRE00003845.2,7,0.96,0.96,Tx_Str,Tx_Str
IHECRE00003845.2,8,0.5,0.5,Het_F,Het_F
IHECRE00003845.2,9,0.28,0.28,Tx_Wk,Tx_Wk
IHECRE00003845.2,10,0.94,0.94,Pr,Pr
IHECRE00000004.3,1,0.45,0.45,Het_F,Het_F
IHECRE00000004.3,2,0.94,0.94,ReprPC,ReprPC
IHECRE00000004.3,3,0.26,0.1,Rep,Tx_Wk
IHECRE00000004.3,4,0.51,0.51,Rep,Rep
IHECRE00000004.3,5,0.99,0.99,NS,NS
IHECRE00000004.3,6,0.47,0.47,Mix,Mix
IHECRE00000004.3,7,1,1,Pr,Pr
IHECRE00000004.3,8,1,1,Het_C,Het_C
IHECRE00000004.3,9,0.68,0.68,Enh,Enh
IHECRE00000004.3,10,0.97,0.97,Tx_Str,Tx_Str
IHECRE00004713.2,1,0.39,0.39,Mix,Mix
IHECRE00004713.2,2,0.62,0.62,Het_C,Het_C
IHECRE00004713.2,3,0.47,0.32,Het_C,Het_F
IHECRE00004713.2,4,0.39,0.18,Het_F,Tx_Wk
IHECRE00004713.2,5,0.62,0.62,Enh,Enh
IHECRE00004713.2,6,1,1,NS,NS
IHECRE00004713.2,7,1,1,Pr,Pr
IHECRE00004713.2,8,0.31,0.31,Rep,Rep
IHECRE00004713.2,9,0.99,0.99,Tx_Str,Tx_Str
IHECRE00004713.2,10,0.66,0.66,ReprPC,ReprPC
IHECRE00000743.1,1,0.98,0.98,Tx_Str,Tx_Str
IHECRE00000743.1,2,0.6,0.6,Mix,Mix
IHECRE00000743.1,3,0.72,0.72,Het_F,Het_F
IHECRE00000743.1,4,1,1,NS,NS
IHECRE00000743.1,5,0.6,0.6,Tx_Wk,Tx_Wk
IHECRE00000743.1,6,1,1,Pr,Pr
IHECRE00000743.1,7,0.96,0.96,Het_C,Het_C
IHECRE00000743.1,8,0.8,0.8,ReprPC,ReprPC
IHECRE00000743.1,9,0.76,0.76,Enh,Enh
IHECRE00000743.1,10,0.27,0.27,Rep,Rep
IHECRE00000024.3,1,1,1,NS,NS
IHECRE00000024.3,2,0.95,0.95,Enh,Enh
IHECRE00000024.3,3,0.94,0.94,Het_C,Het_C
IHECRE00000024.3,4,0.68,0.68,Rep,Rep
IHECRE00000024.3,5,0.93,0.93,Tx_Str,Tx_Str
IHECRE00000024.3,6,0.39,0.32,Het_F,Mix
IHECRE00000024.3,7,0.63,0.63,Het_F,Het_F
IHECRE00000024.3,8,0.96,0.96,Pr,Pr
IHECRE00000024.3,9,0.53,0.53,Tx_Wk,Tx_Wk
IHECRE00000024.3,10,0.98,0.98,ReprPC,ReprPC
IHECRE00000354.2,1,0.63,0.63,Mix,Mix
IHECRE00000354.2,2,0.99,0.99,NS,NS
IHECRE00000354.2,3,1,1,Pr,Pr
IHECRE00000354.2,4,0.91,0.91,ReprPC,ReprPC
IHECRE00000354.2,5,1,1,Tx_Str,Tx_Str
IHECRE00000354.2,6,0.97,0.97,Enh,Enh
IHECRE00000354.2,7,0.65,0.65,Rep,Rep
IHECRE00000354.2,8,0.62,0.62,Het_F,Het_F
IHECRE00000354.2,9,0.62,0.62,Het_C,Het_C
IHECRE00000354.2,10,0.75,0.75,Tx_Wk,Tx_Wk
IHECRE00000223.3,1,0.81,0.81,NS,NS
IHECRE00000223.3,2,0.74,0.74,Enh,Enh
IHECRE00000223.3,3,0.46,0.24,Het_C,Rep
IHECRE00000223.3,4,0.9,0.9,Pr,Pr
IHECRE00000223.3,5,0.32,0.08,ReprPC,Tx_Wk
IHECRE00000223.3,6,0.38,0.38,Het_F,Het_F
IHECRE00000223.3,7,0.88,0.88,Tx_Str,Tx_Str
IHECRE00000223.3,8,0.93,0.93,ReprPC,ReprPC
IHECRE00000223.3,9,0.53,0.53,Het_C,Het_C
IHECRE00000223.3,10,0.26,0.26,Het_F,Mix
IHECRE00001955.3,1,0.94,0.94,Tx_Str,Tx_Str
IHECRE00001955.3,2,0.33,0.33,Het_F,Het_F
IHECRE00001955.3,3,0.95,0.95,Pr,Pr
IHECRE00001955.3,4,0.33,0.33,ReprPC,ReprPC
IHECRE00001955.3,5,0.49,0.49,Tx_Wk,Tx_Wk
IHECRE00001955.3,6,0.41,0.41,Rep,Rep
IHECRE00001955.3,7,0.29,0.29,Enh,Enh
IHECRE00001955.3,8,0.99,0.99,Het_C,Het_C
IHECRE00001955.3,9,0.55,0.55,Mix,Mix
IHECRE00001955.3,10,0.98,0.98,NS,NS
IHECRE00001913.1,1,0.73,0.73,Het_C,Het_C
IHECRE00001913.1,2,1,1,NS,NS
IHECRE00001913.1,3,0.77,0.77,ReprPC,ReprPC
IHECRE00001913.1,4,1,1,Pr,Pr
IHECRE00001913.1,5,0.84,0.84,Mix,Mix
IHECRE00001913.1,6,0.65,0.65,Het_F,Het_F
IHECRE00001913.1,7,0.86,0.86,Enh,Enh
IHECRE00001913.1,8,0.74,0.74,Tx_Wk,Tx_Wk
IHECRE00001913.1,9,0.96,0.96,Rep,Rep
IHECRE00001913.1,10,0.99,0.99,Tx_Str,Tx_Str
IHECRE00003805.1,1,1,1,Tx_Str,Tx_Str
IHECRE00003805.1,2,0.97,0.97,Het_C,Het_C
IHECRE00003805.1,3,0.84,0.84,Mix,Mix
IHECRE00003805.1,4,0.99,0.99,NS,NS
IHECRE00003805.1,5,0.88,0.88,Tx_Wk,Tx_Wk
IHECRE00003805.1,6,1,1,Pr,Pr
IHECRE00003805.1,7,0.99,0.99,ReprPC,ReprPC
IHECRE00003805.1,8,0.69,0.69,Rep,Rep
IHECRE00003805.1,9,0.81,0.81,Het_F,Het_F
IHECRE00003805.1,10,1,1,Enh,Enh
IHECRE00001952.2,1,0.96,0.96,NS,NS
IHECRE00001952.2,2,0.73,0.73,Enh,Enh
IHECRE00001952.2,3,0.98,0.98,Het_C,Het_C
IHECRE00001952.2,4,0.52,0.52,Rep,Rep
IHECRE00001952.2,5,0.43,0.31,Rep,Het_F
IHECRE00001952.2,6,0.36,0.36,ReprPC,ReprPC
IHECRE00001952.2,7,0.61,0.61,Tx_Wk,Tx_Wk
IHECRE00001952.2,8,1,1,Pr,Pr
IHECRE00001952.2,9,0.94,0.94,Tx_Str,Tx_Str
IHECRE00001952.2,10,0.49,0.49,Mix,Mix
IHECRE00004618.1,1,0.58,0.58,Tx_Str,Tx_Str
IHECRE00004618.1,2,0.43,0.43,Rep,Rep
IHECRE00004618.1,3,0.37,0.37,Tx_Wk,Tx_Wk
IHECRE00004618.1,4,0.36,0.12,Het_F,ReprPC
IHECRE00004618.1,5,0.99,0.99,NS,NS
IHECRE00004618.1,6,1,1,Pr,Pr
IHECRE00004618.1,7,0.32,0.29,Tx_Wk,Mix
IHECRE00004618.1,8,0.24,0.24,Het_C,Het_C
IHECRE00004618.1,9,0.39,0.39,Enh,Enh
IHECRE00004618.1,10,0.42,0.42,Het_F,Het_F
IHECRE00000808.1,1,0.97,0.97,Tx_Str,Tx_Str
IHECRE00000808.1,2,0.25,0.23,Het_F,Mix
IHECRE00000808.1,3,0.72,0.72,Het_F,Het_F
IHECRE00000808.1,4,0.98,0.98,NS,NS
IHECRE00000808.1,5,0.45,0.45,Enh,Enh
IHECRE00000808.1,6,0.44,0.22,ReprPC,Rep
IHECRE00000808.1,7,0.98,0.98,Pr,Pr
IHECRE00000808.1,8,0.96,0.96,Het_C,Het_C
IHECRE00000808.1,9,0.57,0.57,Tx_Wk,Tx_Wk
IHECRE00000808.1,10,0.76,0.76,ReprPC,ReprPC
IHECRE00003715.2,1,0.97,0.97,NS,NS
IHECRE00003715.2,2,0.69,0.69,Tx_Str,Tx_Str
IHECRE00003715.2,3,0.36,0.36,Het_F,Het_F
IHECRE00003715.2,4,0.44,0.17,Tx_Str,Mix
IHECRE00003715.2,5,0.4,0.31,Mix,Enh
IHECRE00003715.2,6,0.31,0.31,Tx_Wk,Tx_Wk
IHECRE00003715.2,7,0.62,0.62,ReprPC,ReprPC
IHECRE00003715.2,8,0.82,0.82,Pr,Pr
IHECRE00003715.2,9,0.89,0.89,Het_C,Het_C
IHECRE00003715.2,10,0.68,0.68,Rep,Rep
IHECRE00001909.1,1,0.43,0.05,Het_C,Mix
IHECRE00001909.1,2,0.97,0.97,NS,NS
IHECRE00001909.1,3,0.99,0.99,Pr,Pr
IHECRE00001909.1,4,0.52,0.52,Het_F,Het_F
IHECRE00001909.1,5,0.45,0.45,Het_C,Het_C
IHECRE00001909.1,6,0.62,0.62,Tx_Wk,Tx_Wk
IHECRE00001909.1,7,0.38,0.27,Tx_Wk,ReprPC
IHECRE00001909.1,8,0.65,0.65,Rep,Rep
IHECRE00001909.1,9,0.91,0.91,Tx_Str,Tx_Str
IHECRE00001909.1,10,0.51,0.51,Enh,Enh
IHECRE00001963.2,1,0.98,0.98,Het_C,Het_C
IHECRE00001963.2,2,0.33,0.33,ReprPC,ReprPC
IHECRE00001963.2,3,0.59,0.59,Het_F,Het_F
IHECRE00001963.2,4,0.93,0.93,NS,NS
IHECRE00001963.2,5,0.88,0.88,Tx_Str,Tx_Str
IHECRE00001963.2,6,0.59,0.59,Enh,Enh
IHECRE00001963.2,7,0.49,0.32,Enh,Tx_Wk
IHECRE00001963.2,8,0.37,0.37,Rep,Rep
IHECRE00001963.2,9,0.65,0.65,Mix,Mix
IHECRE00001963.2,10,0.78,0.78,Pr,Pr
IHECRE00004608.1,1,0.38,0.38,Enh,Enh
IHECRE00004608.1,2,0.7,0.7,Tx_Str,Tx_Str
IHECRE00004608.1,3,0.46,0.33,Het_F,Mix
IHECRE00004608.1,4,0.22,0.22,Het_C,Het_C
IHECRE00004608.1,5,0.44,0.44,Tx_Wk,Tx_Wk
IHECRE00004608.1,6,0.37,0.37,Rep,Rep
IHECRE00004608.1,7,0.4,0.4,Het_F,Het_F
IHECRE00004608.1,8,0.35,0.17,Het_F,ReprPC
IHECRE00004608.1,9,1,1,Pr,Pr
IHECRE00004608.1,10,0.99,0.99,NS,NS
IHECRE00000076.3,1,0.44,0.44,Tx_Wk,Tx_Wk
IHECRE00000076.3,2,0.33,0.09,Het_F,Mix
IHECRE00000076.3,3,0.43,0.43,Het_F,Het_F
IHECRE00000076.3,4,0.99,0.99,NS,NS
IHECRE00000076.3,5,1,1,Pr,Pr
IHECRE00000076.3,6,0.99,0.99,Tx_Str,Tx_Str
IHECRE00000076.3,7,0.95,0.95,ReprPC,ReprPC
IHECRE00000076.3,8,0.6,0.6,Rep,Rep
IHECRE00000076.3,9,0.68,0.68,Enh,Enh
IHECRE00000076.3,10,0.45,0.45,Het_C,Het_C
IHECRE00000734.3,1,0.44,0.44,ReprPC,ReprPC
IHECRE00000734.3,2,0.98,0.98,NS,NS
IHECRE00000734.3,3,0.57,0.27,Pr,Enh
IHECRE00000734.3,4,0.38,0.35,Enh,Mix
IHECRE00000734.3,5,0.34,0.34,Rep,Rep
IHECRE00000734.3,6,0.56,0.56,Pr,Pr
IHECRE00000734.3,7,0.72,0.72,Tx_Wk,Tx_Wk
IHECRE00000734.3,8,0.54,0.54,Het_F,Het_F
IHECRE00000734.3,9,0.8,0.8,Tx_Str,Tx_Str
IHECRE00000734.3,10,0.87,0.87,Het_C,Het_C
IHECRE00001546.1,1,1,1,Het_C,Het_C
IHECRE00001546.1,2,0.27,0.21,Het_F,Mix
IHECRE00001546.1,3,1,1,NS,NS
IHECRE00001546.1,4,1,1,Pr,Pr
IHECRE00001546.1,5,0.69,0.69,Enh,Enh
IHECRE00001546.1,6,0.73,0.73,Tx_Wk,Tx_Wk
IHECRE00001546.1,7,0.99,0.99,Tx_Str,Tx_Str
IHECRE00001546.1,8,0.97,0.97,ReprPC,ReprPC
IHECRE00001546.1,9,0.51,0.42,Het_F,Rep
IHECRE00001546.1,10,0.68,0.68,Het_F,Het_F
IHECRE00001903.1,1,0.98,0.98,ReprPC,ReprPC
IHECRE00001903.1,2,0.99,0.99,Mix,Mix
IHECRE00001903.1,3,0.94,0.94,Rep,Rep
IHECRE00001903.1,4,1,1,NS,NS
IHECRE00001903.1,5,1,1,Enh,Enh
IHECRE00001903.1,6,1,1,Het_C,Het_C
IHECRE00001903.1,7,0.94,0.94,Tx_Wk,Tx_Wk
IHECRE00001903.1,8,1,1,Tx_Str,Tx_Str
IHECRE00001903.1,9,0.97,0.97,Het_F,Het_F
IHECRE00001903.1,10,1,1,Pr,Pr
IHECRE00000034.3,1,0.4,0.4,Het_F,Het_F
IHECRE00000034.3,2,0.55,0.55,Tx_Wk,Tx_Wk
IHECRE00000034.3,3,0.93,0.93,ReprPC,ReprPC
IHECRE00000034.3,4,0.64,0.64,Rep,Rep
IHECRE00000034.3,5,0.45,0.08,Het_F,Mix
IHECRE00000034.3,6,0.66,0.66,Enh,Enh
IHECRE00000034.3,7,0.99,0.99,NS,NS
IHECRE00000034.3,8,0.67,0.67,Het_C,Het_C
IHECRE00000034.3,9,0.94,0.94,Tx_Str,Tx_Str
IHECRE00000034.3,10,1,1,Pr,Pr
